,PTPRC,TP63,FGFR1,KRAS,DNAJB1,cellbarcode,KRAS_c.34G>T_mt,KRAS_c.34G>T_wt,TP63_c.1090G>A_wt,DNAJB1_c.558C>A_gap,DNAJB1_c.558C>A_wt,PTPRC_c.2306T>A_gap,TP63_c.1090G>A_mt,KRAS_c.34G>T_gap,DNAJB1_c.558C>A_mt,FGFR1_c.719G>A_mt,FGFR1_c.719G>A_wt,TP63_c.1090G>A_gap,loci
0,0.0,0.0,0.0,4.0,3.0,GTGTGAGTCTCTATGG,22.0,1.0,,,,,,,,,,,2
1,0.0,2.0,0.0,5.0,2.0,TTCCTTTCATTGTGAG,1.0,11.0,,,,,,,,,,,2
2,0.0,0.0,0.0,1.0,8.0,TTCCTCTAGCTTGATT,31.0,2.0,,,,,,,,,,,2
3,0.0,1.0,0.0,3.0,4.0,CTTTCATGTAATGTCC,16.0,1.0,,,,,,,,,,,2
4,0.0,0.0,0.0,13.0,6.0,CTCAAGACAAACACGC,16.0,1.0,,3.0,,,,,,,,,3
5,0.0,0.0,0.0,6.0,2.0,TGCCCTGAGGTGTCCT,56.0,5.0,,,1.0,,,,,,,,3
6,0.0,0.0,0.0,4.0,5.0,CTATTGGTCAAGGTAC,14.0,1.0,,,,,,,,,,,2
7,0.0,1.0,0.0,10.0,6.0,GAGGATGCACAACAAT,29.0,1.0,,,,,,,,,,,2
8,0.0,1.0,0.0,7.0,7.0,GCCATAACAGCCTGAG,15.0,1.0,,,,,,,,,,,2
9,0.0,0.0,0.0,11.0,4.0,GGCATTTGTAGCCCGT,22.0,1.0,,,,,,,,,,,2
10,0.0,0.0,0.0,5.0,10.0,GAGCTAGTCTATCACG,16.0,1.0,,,,,,,,,,,2
11,0.0,0.0,0.0,3.0,1.0,TTTGGCGGTGTTTGGT,1.0,,1.0,,,,24.0,,,,,,3
12,0.0,0.0,0.0,8.0,4.0,CGTTTGTCAATTAGGT,15.0,,23.0,,,,,,,,,,2
13,,,,,,ACAACTTTCTATTCGG,12.0,1.0,,,,,,,,,,,2
14,0.0,0.0,0.0,1.0,0.0,GGGTGAGAGCTATTAC,28.0,2.0,,,,,,,,,,,2
15,0.0,0.0,0.0,2.0,8.0,CCTAGGTTCAAACCAA,39.0,4.0,,,,,,,,,,,2
16,0.0,0.0,0.0,8.0,1.0,AAGCCTGAGGCTCCAT,3.0,1.0,,,,,,,,,,,2
17,0.0,0.0,0.0,4.0,3.0,TATTACCAGACTCCTA,23.0,1.0,,,,,,,,,,,2
18,0.0,4.0,0.0,4.0,1.0,GTAACTAAGGTCGAGC,15.0,,,,15.0,,,,,,,,2
19,0.0,2.0,0.0,2.0,3.0,GACATTAAGCGAAGAA,8.0,1.0,2.0,,,,34.0,,,,,,4
20,0.0,1.0,0.0,17.0,14.0,AGCATGGTCTTGAAAG,31.0,1.0,,,,,,,,,,,2
21,0.0,0.0,0.0,4.0,2.0,TGAGGTCCAGATTCGA,15.0,1.0,,,,,,,,,,,2
22,0.0,1.0,0.0,7.0,4.0,TAAACGGGTAATGTCC,1.0,,1.0,,,,10.0,,,,,,3
23,0.0,1.0,0.0,7.0,10.0,CGAAATGGTAGCTATC,23.0,1.0,,,,,,,,,,,2
24,0.0,0.0,0.0,7.0,5.0,AAACAAGCATTTCTTC,5.0,1.0,,,,,,,,,,,2
25,0.0,0.0,0.0,8.0,1.0,ATGGATGGTTGTCCAG,36.0,3.0,,,,,,,,,,,2
26,0.0,0.0,0.0,5.0,3.0,TTCTCACTCATCAGCC,17.0,1.0,,,,,,,,,,,2
27,0.0,1.0,0.0,10.0,1.0,AGTTGCCTCGCTCAGT,55.0,3.0,,,,,,1.0,,,,,3
28,0.0,3.0,0.0,8.0,3.0,TTCGCCTGTTAGTCTA,8.0,,,,,,,,,,,,1
29,0.0,1.0,0.0,7.0,2.0,GATTCCCAGCCAAACG,36.0,3.0,,,,,,,,,,,2
30,0.0,0.0,0.0,0.0,3.0,ATTGCCTCAGTAAGTT,12.0,1.0,,,,,,,,,,,2
31,,,,,,GCCCATTAGAGCAATC,15.0,2.0,,,,,,,,,,,2
32,0.0,1.0,0.0,3.0,1.0,GTAAAGGAGTCCTGCG,16.0,,,,,,,,,,,,1
33,0.0,0.0,0.0,1.0,1.0,CATTTCTGTGTGAGGT,17.0,1.0,,,,,,,,,,,2
34,,,,,,CTGATGACACATTCGT,14.0,1.0,,,,,,,,,,,2
35,0.0,6.0,0.0,1.0,3.0,TATGGGAGTAAGAATC,10.0,1.0,,,,,18.0,,,,,,3
36,0.0,0.0,0.0,8.0,5.0,GCTTAGCTCTCAGCTA,48.0,3.0,,,,,,,,,,,2
37,,,,,,CTCATGATCGATTGGG,42.0,1.0,,,,,,1.0,,,,,3
38,0.0,0.0,0.0,8.0,0.0,ACGTTCGGTCAATACC,18.0,2.0,,,,,,,,,,,2
39,0.0,0.0,0.0,7.0,2.0,ATTGATGAGCATCCCG,19.0,1.0,1.0,,,,,,,,,,3
40,0.0,0.0,0.0,7.0,8.0,TAGGTCGAGCTTAAAG,9.0,1.0,,1.0,,,,,,,,,3
41,0.0,0.0,0.0,5.0,3.0,CTTAGTGTCCTTAGAT,3.0,,,,,,,,,,,,1
42,,,,,,AGCGCTAAGGGCCTTT,1.0,,,7.0,,,,,,,,,2
43,0.0,2.0,0.0,5.0,4.0,CTACCTAAGTAACGGT,14.0,1.0,,,,,,,,,,,2
44,0.0,0.0,0.0,5.0,4.0,AAGGAACCACGAACGT,18.0,1.0,,,,,,,,,,,2
45,0.0,0.0,0.0,6.0,4.0,GAAGCACGTCTGTGAT,17.0,13.0,,,,,,,,,,,2
46,,,,,,GGTGAACGTTTGTTGA,10.0,1.0,,,,,,,,,,,2
47,0.0,0.0,1.0,5.0,5.0,ACTTCAAGTGCACAAA,16.0,,,,,,,,,,,,1
48,,,,,,ACCTAAGCAGGCAACT,1.0,,,,,,,9.0,,,,,2
49,0.0,2.0,0.0,6.0,7.0,CGCACATTCAGCACCT,24.0,2.0,,,,,,,,,,,2
50,0.0,0.0,0.0,5.0,5.0,AACCAAATCCAAACGG,29.0,2.0,,,,,,,,,,,2
51,0.0,0.0,0.0,4.0,0.0,GGTACCGCACCAGCTC,19.0,1.0,,,1.0,,,,,,,,3
52,0.0,2.0,0.0,1.0,5.0,ACGGACCAGTGAATCA,1.0,,21.0,,,,2.0,,,,,,3
53,0.0,0.0,0.0,9.0,3.0,TCAGGCTTCCTCACTT,1.0,,,1.0,16.0,,1.0,,1.0,,,,5
54,0.0,1.0,0.0,7.0,4.0,CCCATTCGTATGTTGC,21.0,2.0,,,,,,,,,,,2
55,0.0,9.0,0.0,4.0,2.0,TAACCACGTCTACCTC,33.0,2.0,,,,,,,,,,,2
56,0.0,3.0,0.0,4.0,4.0,TATGTCCCACGTAGGT,10.0,1.0,,,,,,,,,,,2
57,0.0,0.0,0.0,4.0,6.0,CGGGTTGCACCAGCTC,23.0,1.0,,,,,,,,,,,2
58,0.0,8.0,1.0,4.0,5.0,GACAAACTCCAAACAA,5.0,1.0,,,,,,18.0,,,,,3
59,0.0,0.0,0.0,10.0,6.0,CTAGGTTGTATTTACG,21.0,2.0,,,,,,,,,,,2
60,0.0,2.0,0.0,6.0,10.0,CACCCATAGCCCTTGG,13.0,1.0,11.0,,,,,,,,,,3
61,0.0,1.0,0.0,6.0,9.0,GGTTGAGTCGCCTATA,32.0,3.0,,,,,,,,,,,2
62,0.0,0.0,0.0,6.0,7.0,CAAGTCGAGCTAACTT,7.0,1.0,,,,,,,,,,,2
63,0.0,2.0,0.0,22.0,20.0,GGTTCACTCTATCACG,44.0,3.0,,,,,,,,,,,2
64,0.0,2.0,0.0,4.0,12.0,TACGGGTCATCAATCC,2.0,52.0,,,,,,,,,,,2
65,0.0,4.0,0.0,6.0,7.0,GAGGAGTAGGGAGGAT,1.0,,14.0,,,,,,,,,,2
66,0.0,3.0,0.0,2.0,5.0,CAGCTGGCAAAGTGCC,19.0,1.0,,,,,,,,,,,2
67,0.0,0.0,0.0,3.0,3.0,TGTGCGCGTCCATAGT,19.0,1.0,,,,,,,,,,,2
68,0.0,0.0,0.0,7.0,4.0,GTCAAAGGTGTTAGCT,17.0,,,,,,,,,,,,1
69,0.0,0.0,0.0,6.0,7.0,GGACCAGGTGTTTGTA,54.0,3.0,,,,,,,,,,,2
70,0.0,0.0,0.0,9.0,5.0,CAGGAAGCATATAGGT,54.0,4.0,,,,,,,,,,,2
71,,,,,,GGGTTGGGTTGCATCG,10.0,1.0,,,,,,,,,,,2
72,0.0,0.0,0.0,18.0,13.0,GTAAACCAGGATGCAT,12.0,,,,,,,,,,,,1
73,0.0,0.0,0.0,8.0,8.0,ATCGCTTCAGGATGCT,12.0,,,,,,,14.0,,,,,2
74,0.0,0.0,0.0,0.0,0.0,GGGCAATGTTTGACTA,29.0,1.0,,,,,,,,,,,2
75,0.0,1.0,0.0,15.0,7.0,TGACTACGTTTCCTGC,4.0,,,21.0,1.0,,,,,,,,3
76,0.0,0.0,0.0,9.0,3.0,GCTCAGGCAAAGCTCA,28.0,2.0,,,,,,,,,,,2
77,0.0,6.0,0.0,5.0,4.0,GTTCATCCATACTGAG,53.0,4.0,,,,,,,,,,,2
78,0.0,0.0,0.0,8.0,6.0,GTAACTAAGTCAAACA,18.0,1.0,,,,,,,,,,,2
79,0.0,0.0,0.0,12.0,7.0,GCCCAATTCGGTTATT,24.0,2.0,,,,,,,,,,,2
80,0.0,1.0,0.0,3.0,1.0,TTCGATTAGGTAGACT,5.0,,,,,,,,,,,,1
81,0.0,0.0,0.0,5.0,7.0,AGAAAGGTCCAACTAT,25.0,1.0,2.0,,,,,,,,,,3
82,0.0,0.0,0.0,7.0,7.0,ACATACTTCGCGGATA,16.0,2.0,,,,,,,,,,,2
83,0.0,1.0,0.0,11.0,5.0,GTGCTCAGTTGAGTCT,48.0,2.0,,,,,,,,,,,2
84,0.0,2.0,0.0,6.0,4.0,GATTGTGCAACAAAGA,23.0,1.0,,,,,,,,,,,2
85,0.0,3.0,2.0,29.0,165.0,CCTCGATAGTTGCAGG,30.0,2.0,,,21.0,,,,,,,,3
86,0.0,0.0,0.0,1.0,2.0,GCTAAATCAATCAAGT,38.0,1.0,,,,,,,,,,,2
87,0.0,4.0,0.0,9.0,2.0,ACCCTGGTCATAATGG,31.0,2.0,,,,,2.0,,,,,,3
88,0.0,0.0,0.0,9.0,7.0,TCACTCGCAATTGAGT,35.0,2.0,,,,,,,,,,,2
89,0.0,1.0,0.0,7.0,6.0,TTCACTTGTGTTTCGG,14.0,,,,,,,,,,,,1
90,0.0,0.0,0.0,13.0,8.0,GACCAGGGTCTACCAG,9.0,1.0,,,,,,,,,,,2
91,,,,,,GTTCATCCAAGTTCCT,38.0,1.0,,,,,,,,,,,2
92,,,,,,TGATTACTCTGGTCTA,17.0,1.0,,,,,,,,,,,2
93,0.0,4.0,0.0,4.0,9.0,TGTTAGCGTAAAGGCC,21.0,2.0,,,,,,,,,,,2
94,0.0,3.0,0.0,6.0,6.0,CCCTGTTGTAGCCTTG,13.0,1.0,,,,,,,,,,,2
95,0.0,0.0,0.0,7.0,2.0,ATTGCTCCACCACACC,13.0,2.0,,,,,,,,,,,2
96,0.0,0.0,0.0,7.0,3.0,AAACAAGCAACCGTAA,47.0,3.0,,,,,,,,,,,2
97,,,,,,CGATTGTGTCCAATAC,11.0,,,,,,,,,,,,1
98,,,,,,TGGCCAGCATCACTCG,13.0,1.0,,,,,,,,,,,2
99,0.0,1.0,0.0,5.0,2.0,TATTGCCCATCATCAC,20.0,1.0,,,,,,,,,,,2
100,0.0,1.0,0.0,7.0,9.0,TCACTCGCACTCAATC,31.0,2.0,,,,,,,,,,,2
101,0.0,0.0,0.0,5.0,2.0,GGCATTACACAGCAAC,1.0,,,53.0,1.0,,,,,,,,3
102,0.0,2.0,0.0,4.0,6.0,CAGGTCAAGCACCTTA,10.0,1.0,29.0,,,,1.0,,,,,,4
103,0.0,0.0,0.0,5.0,4.0,ACTGGGTCATCACAGA,1.0,,14.0,,,,,,,,,,2
104,0.0,1.0,0.0,1.0,3.0,GCAGTTTGTTTGGCCA,16.0,1.0,,,,,,,,,,,2
105,0.0,2.0,0.0,6.0,6.0,CCTACCTGTTGTTTAG,14.0,1.0,,,,,,,,,,,2
106,0.0,0.0,0.0,7.0,13.0,CCAGCTTAGTTGACGG,13.0,1.0,,,,,,,,,,,2
107,,,,,,GATTGCACATATTTCG,7.0,,,,,,,,,,,,1
108,0.0,1.0,0.0,6.0,3.0,ACCCAACTCTATCGGC,1.0,15.0,,,,,,,,,,,2
109,0.0,0.0,0.0,6.0,4.0,TATGCATTCAATTTGC,1.0,5.0,,,,,,,,,,,2
110,0.0,1.0,0.0,8.0,10.0,TTCCTCTAGTCAATAG,2.0,,,,,1.0,,10.0,,,,,3
111,,,,,,ACAACCTGTTAGTCTA,18.0,1.0,,,,,,,,,,,2
112,0.0,1.0,0.0,3.0,12.0,ATAGGCGTCTTAAGGA,1.0,,,,31.0,,,,,,,,2
113,0.0,9.0,0.0,11.0,4.0,TGTCATCCAAGCCAGT,18.0,2.0,,,,,,,,,,,2
114,,,,,,CTATTGGTCAGGCAAT,2.0,,,,,,,,,,,,1
115,,,,,,ACCCTGGTCTAGCGGA,8.0,1.0,,,,,,,,,,,2
116,,,,,,CACAGATAGAAACCCG,1.0,,,23.0,,,,,,,,,2
117,,,,,,ATGTTGCGTAGCTTTA,7.0,1.0,,,,,,,,,,,2
118,0.0,0.0,0.0,1.0,4.0,GCTCGTTAGTTACCTG,2.0,20.0,,,,,,1.0,,,,,3
119,0.0,0.0,0.0,5.0,1.0,CCCATCCTCGAGCTAG,2.0,52.0,,,,,,7.0,,,,,3
120,0.0,0.0,0.0,2.0,3.0,AAGTTGCAGACGCATG,18.0,2.0,,,,,,,,,,,2
121,0.0,2.0,0.0,9.0,35.0,GAATGTCAGCCTAGTC,1.0,,,,,,,8.0,,,,,2
122,0.0,0.0,0.0,8.0,6.0,TTTAGTCAGGCCAACA,20.0,1.0,,,,,,,,,,,2
123,0.0,0.0,0.0,6.0,6.0,CAAGCGATCTTGAGGG,35.0,2.0,,,,,,,,,,,2
124,0.0,2.0,0.0,10.0,7.0,ACCCGTTAGTCATAAG,5.0,1.0,1.0,,,,16.0,13.0,,,,,5
125,0.0,2.0,0.0,3.0,6.0,GAGGTTTAGAAGCAAG,1.0,1.0,48.0,1.0,3.0,,,,,,,,5
126,0.0,1.0,0.0,3.0,8.0,ACGCCTAGTTTCTAAG,1.0,,15.0,,,,,7.0,,,,,3
127,0.0,19.0,0.0,1.0,14.0,GAACTTAAGCTAAACA,1.0,28.0,,,,,,,,,,,2
128,0.0,3.0,0.0,9.0,117.0,CGAGCTTTCAGTTAGA,16.0,1.0,,,,,,,,,,,2
129,,,,,,GCTATGCTCCCTGGTG,16.0,2.0,,,,,,,,,,,2
130,0.0,0.0,0.0,2.0,5.0,CCTTAATAGGGTGGGA,20.0,1.0,,,,,,,,,,,2
131,0.0,0.0,0.0,9.0,4.0,ACGAGGGAGCTTTACG,11.0,1.0,,,,,,,,,,,2
132,0.0,0.0,0.0,8.0,5.0,AAGTGAGAGATAGCCG,27.0,2.0,,,,,,,1.0,,,,3
133,0.0,3.0,0.0,3.0,5.0,CGCATTTCATTTGGCT,14.0,1.0,,,,,,,,,,,2
134,0.0,0.0,0.0,8.0,8.0,AGCCAATAGAGCAACT,32.0,2.0,,,,,,,,,,,2
135,0.0,0.0,0.0,8.0,4.0,GGACATAGTCGTTCTC,18.0,1.0,,,,,,,,,,,2
136,0.0,1.0,0.0,3.0,5.0,TAACCTGTCTCAAGAA,27.0,1.0,,,,,,,,,,,2
137,0.0,1.0,0.0,7.0,8.0,CCGATACTCTCACCGG,7.0,,,,,,,,,,,,1
138,0.0,0.0,0.0,25.0,8.0,GAGATACTCCTTTAGG,6.0,,,14.0,,,,,,,,,2
139,0.0,6.0,0.0,4.0,6.0,GGGTGGAAGGGCGGAA,34.0,3.0,,,,,,,,,,,2
140,0.0,0.0,0.0,5.0,4.0,CTCAGGGCATCCCAAT,1.0,,18.0,,,,,,,,,,2
141,0.0,0.0,0.0,2.0,0.0,GTACTGACAGATTCGA,12.0,1.0,,,,,,,,,,,2
142,0.0,0.0,0.0,5.0,3.0,GACAACTAGCAATCCC,14.0,1.0,,,,,,,,,,,2
143,0.0,0.0,0.0,3.0,1.0,CTAGGTACAAATGACT,22.0,3.0,,,20.0,,,,,,,,3
144,0.0,0.0,0.0,22.0,14.0,TCAAGTGCAGTGAGAG,16.0,1.0,,,,,,,,,,,2
145,0.0,0.0,0.0,4.0,9.0,CAGGTTCTCGAGAGAA,16.0,,,,,,,,,,,,1
146,0.0,0.0,0.0,5.0,4.0,TGTTCTTGTCGAAGCG,9.0,1.0,,,,,,,,,,,2
147,0.0,1.0,0.0,6.0,19.0,TTCGATAGTGGCGTAG,35.0,3.0,,,,,,,,,,,2
148,0.0,0.0,0.0,6.0,4.0,ATGAAAGCAAGCTTTC,14.0,1.0,,,,,,,,,,,2
149,0.0,0.0,0.0,2.0,5.0,CCTTAATAGAAGGTCT,11.0,,,,,,,,,,,,1
150,0.0,0.0,0.0,4.0,3.0,CCATCACAGTCAATAG,6.0,,,,,,,,,,,,1
151,,,,,,TTAAGGATCGTAACCC,14.0,,,,,,,,,,,,1
152,0.0,0.0,0.0,5.0,1.0,GGTAGTTAGATAGCTA,19.0,,,,,,,,,,,,1
153,0.0,1.0,0.0,9.0,10.0,GACCAAGTCCATAACT,41.0,2.0,,,,,,1.0,,,,,3
154,,,,,,GAACAATGTTGAGCTT,10.0,1.0,,,,,,,,,,,2
155,,,,,,TTAGTCGTCCCTCGTC,16.0,2.0,,,,,,,,,,,2
156,0.0,0.0,0.0,8.0,15.0,CCGCATTAGACCATGG,3.0,,,,,,,,,,,,1
157,0.0,0.0,0.0,3.0,2.0,GTTGGATAGTTAGGGT,15.0,1.0,,,,,,,,,,,2
158,0.0,1.0,0.0,7.0,5.0,TGAAAGGAGTTGCAAA,11.0,1.0,,,,,,,,,,,2
159,,,,,,GCTAAATCACGATTAG,17.0,1.0,,,,,,,,,,,2
160,0.0,0.0,0.0,3.0,2.0,ATGAGGAAGTCACACC,5.0,,,,,,,,,,,,1
161,0.0,0.0,0.0,4.0,7.0,CATAGCTGTAGCCTTG,58.0,5.0,,,,,,,,,,,2
162,0.0,0.0,0.0,3.0,3.0,ACAAGTATCAATCGCC,32.0,1.0,,,,,,,,,,,2
163,0.0,0.0,0.0,2.0,1.0,ATGGGCGGTATAGTGG,18.0,,,,,,,1.0,,,,,2
164,0.0,0.0,0.0,8.0,2.0,AGGTTAATCAAGGGCC,16.0,1.0,,,,,,,,,,,2
165,0.0,0.0,0.0,12.0,2.0,ATGGTGAGTGGTTCTG,26.0,2.0,,,,,,,,,,,2
166,0.0,0.0,0.0,5.0,8.0,GACTCAACACGATTAG,97.0,5.0,,,,,,,,,,,2
167,0.0,1.0,0.0,1.0,4.0,GCTGACTTCATGGAAC,1.0,,1.0,,,,18.0,,,,,,3
168,0.0,0.0,0.0,2.0,1.0,GGACATAGTTGTCATA,20.0,1.0,,,,,,,,,,,2
169,0.0,0.0,0.0,9.0,3.0,TCATGAAAGTCGTTCA,33.0,1.0,,,,,,,,,,,2
170,0.0,1.0,0.0,12.0,6.0,GATTCAGCATTGAACG,7.0,1.0,,,,,,8.0,,,,,3
171,0.0,0.0,0.0,4.0,2.0,AAAGTGCTCTGGTCTA,35.0,1.0,,,,,,,,,,,2
172,0.0,4.0,0.0,4.0,4.0,CCTATCGCAGAATGAA,2.0,,18.0,,,,,,,,,,2
173,0.0,0.0,0.0,3.0,2.0,AAACGGGCACGATTAG,15.0,1.0,,,,,,,,,,,2
174,0.0,3.0,0.0,3.0,6.0,TAACTTGGTATGGTAG,1.0,1.0,,,,,,13.0,,,,,3
175,0.0,0.0,0.0,14.0,5.0,ATTGAGTCAATAGAGA,14.0,1.0,,,,,,,,,,,2
176,0.0,1.0,0.0,4.0,2.0,ATGCGCAAGGGATTTA,5.0,1.0,,,,,,,,,,,2
177,0.0,0.0,0.0,11.0,10.0,CGCTTTAAGTTTGACT,15.0,1.0,,,,,,,,,,,2
178,0.0,0.0,0.0,8.0,5.0,ATCGCGCGTACTTATG,19.0,1.0,,,,,,,,,,,2
179,0.0,0.0,0.0,9.0,3.0,AACTGAGGTTTGGGCC,16.0,1.0,,,,,,,,,,,2
180,0.0,0.0,0.0,2.0,0.0,CTAGATAAGCTTCTAG,13.0,1.0,,,,,,,,,,,2
181,0.0,0.0,0.0,2.0,5.0,CCAACCGTCCCATAGC,9.0,1.0,,,,,,,,,,,2
182,0.0,0.0,0.0,14.0,7.0,GAGCCTTTCAACTTGT,7.0,1.0,,,,,,,,,,,2
183,0.0,0.0,0.0,5.0,5.0,ACACCTTCACTTTGTA,11.0,,,,,,,,,,,,1
184,0.0,0.0,0.0,1.0,7.0,AGAAGGTCATTACTCA,11.0,1.0,,,,,,,,,,,2
185,,,,,,TATCGATTCGTTCGTA,17.0,1.0,,,,,,,,,,,2
186,,,,,,CGATGAAGTTAGCGCC,8.0,,,,,,,,,,,,1
187,0.0,0.0,0.0,5.0,5.0,GTCAAAGGTAATCCGT,5.0,,,,,,,,,,,,1
188,,,,,,GACATTAAGTGAGTTA,7.0,,,,,,,,,,,,1
189,,,,,,TAACTGTTCGCTATAT,8.0,,,,,,,,,,,,1
190,0.0,0.0,0.0,0.0,1.0,GAAGAATAGGACAAAG,26.0,2.0,,,,,,,,,,,2
191,0.0,7.0,0.0,2.0,5.0,GAATGTCAGGATGCAT,31.0,3.0,,,,,,,,,,,2
192,0.0,2.0,0.0,2.0,9.0,GTTTGCATCCAGAAAC,29.0,3.0,,,,,,,,,,,2
193,0.0,0.0,0.0,9.0,5.0,ACCATTAGTGGATGCG,5.0,1.0,,,,,,,,,,,2
194,0.0,0.0,0.0,10.0,10.0,ACCGAAGTCCTTAGAT,18.0,1.0,,,,,,,,,,,2
195,0.0,3.0,0.0,21.0,13.0,ACGTATTTCCCACATA,1.0,15.0,,,,,,,,,,,2
196,,,,,,GCCCTCAAGGTGAGTT,10.0,1.0,,,,,,,,,,,2
197,0.0,0.0,0.0,2.0,5.0,CCAGAAAGTACAAAGT,12.0,,,,,,,,,,,,1
198,0.0,0.0,0.0,3.0,4.0,ACTTCAAGTTTGTGAC,20.0,1.0,,,,,,,,,,,2
199,0.0,0.0,0.0,0.0,0.0,TAGCTTCCAATTAGAC,15.0,1.0,,,,,,,,,,,2
200,0.0,7.0,0.0,7.0,8.0,TGCGCATTCGAAGGCC,14.0,1.0,,,,,,,,,,,2
201,0.0,0.0,0.0,0.0,6.0,CCTATCGCAGCGGATT,7.0,1.0,,,,,,,,,,,2
202,0.0,0.0,0.0,25.0,7.0,GCCGCTTCAATCAAAC,1.0,20.0,,,,,,,,,,,2
203,0.0,0.0,0.0,6.0,2.0,CTCCTCTCAGGCTATA,16.0,1.0,,,,,,,,,,,2
204,0.0,0.0,0.0,5.0,4.0,GCGAATGTCTCAAACT,12.0,1.0,,,,,,,,,,,2
205,,,,,,GCTGAAAGTTAAGGAT,9.0,1.0,,,,,,,,,,,2
206,0.0,1.0,0.0,12.0,14.0,TCGCGCATCACACAAA,10.0,,,,,,,,,,,,1
207,0.0,2.0,0.0,13.0,10.0,GCTGACTTCATGCGGA,10.0,1.0,,,,,,,,,,,2
208,0.0,1.0,0.0,5.0,4.0,TCGTTATAGGCGATAT,23.0,2.0,,,,,,,,,,,2
209,0.0,0.0,0.0,5.0,3.0,AGAGGAGGTTAGGCTT,29.0,1.0,,,,,,,,,,,2
210,0.0,0.0,0.0,2.0,0.0,AGATTAGTCATTTAGC,1.0,,,,,,,8.0,,,,,2
211,0.0,4.0,0.0,1.0,12.0,TGGTTAAAGGCGCGAT,23.0,1.0,,,,,,,,,,,2
212,0.0,0.0,0.0,2.0,5.0,CCCGTAGTCGAAACTA,1.0,,,,,,,,,,,,1
213,0.0,3.0,0.0,1.0,3.0,CTGAATGCATCAATCC,7.0,1.0,,,,,,,,,,,2
214,0.0,0.0,0.0,10.0,20.0,AAACGTTCATCAAGTG,26.0,2.0,,,,,,,,,,,2
215,0.0,0.0,0.0,8.0,5.0,CCTCCAACATTTCGCG,11.0,1.0,,,,,,,,,,,2
216,0.0,0.0,0.0,7.0,3.0,TTACCATAGGAAGCCC,5.0,1.0,,,,,,,,,,,2
217,0.0,1.0,0.0,8.0,3.0,AGCTCAACAGATTCGA,9.0,2.0,,,,,,,,,,,2
218,0.0,0.0,0.0,6.0,7.0,CTATTACAGATAACTG,6.0,1.0,,,,,,,,,,,2
219,0.0,0.0,0.0,6.0,3.0,TGATTCAGTACCTCAG,16.0,1.0,,,,,,,,,,,2
220,,,,,,CACTTGATCTGTCAAT,1.0,,,18.0,,,,,,,,,2
221,0.0,2.0,0.0,6.0,4.0,TATCGAGCAATCAAGT,14.0,1.0,,,,,,,,,,,2
222,0.0,0.0,0.0,5.0,1.0,CAACCTGGTTAGGCGG,15.0,1.0,,,,,,,,,,,2
223,0.0,4.0,0.0,2.0,4.0,CCTAAGGAGGTAGACT,14.0,1.0,,,,,,,,,,,2
224,0.0,2.0,0.0,7.0,9.0,TACTTTCGTAGGTGAC,34.0,3.0,,,,,,,,,,,2
225,0.0,1.0,0.0,2.0,6.0,AACCTCATCAGCCTTA,9.0,1.0,,,,,,,,,,,2
226,0.0,0.0,0.0,6.0,7.0,ATAGAAGCAAGTTTCC,14.0,,,,,,,,,,,,1
227,0.0,1.0,0.0,19.0,8.0,CGACTCCCAACCGGAT,21.0,3.0,,,,,,1.0,,,,,3
228,0.0,0.0,0.0,3.0,2.0,ATTGCACGTACTTATG,18.0,3.0,,,,,,,,,,,2
229,0.0,0.0,0.0,4.0,2.0,TCGAAGTAGGTAAGTC,3.0,,,,,,,,,,,,1
230,0.0,1.0,0.0,6.0,10.0,GTGAGTTAGACTCAAA,5.0,,,,,,,,,,,,1
231,0.0,0.0,0.0,5.0,4.0,CTTGCGCCAACTTAGG,15.0,1.0,,,,,,,,,,,2
232,0.0,1.0,0.0,7.0,4.0,GAGTTACAGTTGCGCT,11.0,,,,,,,,,,,,1
233,0.0,0.0,0.0,12.0,8.0,GTTGTGACAGTGAGGA,10.0,,,,,,,,,,,,1
234,0.0,1.0,0.0,7.0,15.0,TACCGGGCAGGTGACT,1.0,1.0,,,57.0,,,,4.0,,,,4
235,0.0,0.0,0.0,9.0,4.0,ACATTGTTCCTTAGGC,3.0,1.0,,,,,,,,,,,2
236,,,,,,ATGGCCTTCCAACAGG,13.0,2.0,,,,,,,,,,,2
237,0.0,0.0,0.0,6.0,1.0,TAAGGCTAGCGAAGAA,3.0,34.0,,,,,,,,,,2.0,3
238,0.0,0.0,0.0,1.0,2.0,AAAGGCTTCGACCCAT,32.0,2.0,,,,,,,,,,,2
239,0.0,0.0,0.0,6.0,6.0,ACCGGTTTCTTGAATC,1.0,11.0,,,,,,,,,,,2
240,,,,,,ATATGCAAGGAAACTC,15.0,2.0,,,,,,,,,,,2
241,0.0,0.0,0.0,5.0,6.0,CTATGGCTCATTATGC,1.0,,,7.0,,,,,,,,,2
242,0.0,1.0,0.0,4.0,1.0,CTTTCTATCCATCCGG,11.0,1.0,,,,,,,,,,,2
243,0.0,0.0,0.0,9.0,6.0,ACTCACTCAGATTCGA,14.0,2.0,,,,,,,,,,,2
244,,,,,,AAAGTCATCAAGTTTC,7.0,,,,,,,,,,,,1
245,0.0,0.0,0.0,4.0,6.0,AAGACTCAGTCAAACA,2.0,1.0,,,,,,,,,,,2
246,0.0,0.0,0.0,5.0,0.0,GCTACTATCACCCTGG,8.0,,,,,,,,,,,,1
247,0.0,0.0,0.0,4.0,6.0,ATGGGACGTGTTAGCT,8.0,1.0,,,,,,,,,,,2
248,0.0,0.0,0.0,10.0,3.0,GATGCACCATCCTTGG,9.0,1.0,,,,,,1.0,,,,,3
249,0.0,0.0,0.0,10.0,5.0,CAACCGGCAGGCTTAA,43.0,3.0,1.0,,,,,,,,,,3
250,0.0,2.0,0.0,2.0,3.0,ACAGCACCAGCTTTCG,1.0,,1.0,6.0,,,8.0,,,,,,4
251,0.0,0.0,0.0,8.0,7.0,TGGCCTTAGTCTAATC,5.0,1.0,,,,,,,,,,,2
252,0.0,1.0,0.0,2.0,7.0,TAACCGCTCACAAGCG,19.0,1.0,,,,,,,,,,,2
253,0.0,0.0,1.0,11.0,5.0,TCACAAGCAATAGCTG,13.0,,,,,,,,,,,,1
254,0.0,0.0,0.0,7.0,3.0,TGTAATGAGCTTAAAG,19.0,1.0,,,,,,,,,,,2
255,0.0,5.0,0.0,10.0,7.0,TACCTTTGTCAACAAG,5.0,,,,,,,,,,,,1
256,0.0,1.0,0.0,17.0,7.0,CTAACAGCAGAGAGCA,11.0,1.0,,,,,,,,,,,2
257,0.0,1.0,0.0,0.0,1.0,TAGCCTGGTAGCTATC,4.0,1.0,,,,,,,,,,,2
258,0.0,0.0,0.0,1.0,6.0,TTTGCCCGTACACCCA,6.0,,,,,,,,,,,,1
259,0.0,4.0,0.0,3.0,21.0,ATTGAGCAGGGTTGCA,8.0,1.0,,,,,,,,,,,2
260,0.0,1.0,0.0,7.0,6.0,AGACTAGGTGACCTAT,27.0,3.0,,,,,,,,,,,2
261,0.0,0.0,0.0,1.0,2.0,AGCCTCTAGCTTGAAA,10.0,1.0,,,,,2.0,,,,,,3
262,,,,,,GTTTGGACAGGTAGCT,20.0,1.0,,,,,,,,,,,2
263,0.0,0.0,0.0,7.0,3.0,CGATTGACATGGTCAA,5.0,1.0,,,,,,,,,,,2
264,0.0,0.0,0.0,5.0,11.0,ACTGAGGTCGCCACAT,10.0,1.0,,,,,,,,,,,2
265,0.0,0.0,0.0,5.0,2.0,GCTAATAAGATGGATC,14.0,1.0,,,,,,,,,,,2
266,,,,,,CGCGACACAAGCGATC,19.0,1.0,1.0,,,,,,,,,,3
267,0.0,1.0,0.0,7.0,12.0,ATTGACTTCTAGCCTA,1.0,21.0,,,,,,,,,,,2
268,0.0,1.0,0.0,17.0,6.0,TCTAACCCAAGCCTAA,14.0,1.0,,,,,,,,,,,2
269,,,,,,CAATCGCTCATAACCT,8.0,1.0,,,,,,,,,,,2
270,,,,,,CGTTATAGTGCGCATC,12.0,1.0,,,,,,,,,,,2
271,0.0,0.0,0.0,7.0,2.0,AGCCCTGTCCTTTGGA,18.0,1.0,,,,,,,,,,,2
272,,,,,,CATAGCTGTGGCGTAG,8.0,1.0,,,,,,,,,,,2
273,0.0,0.0,0.0,9.0,6.0,TAGAAACGTTAACGGA,5.0,,,,,,,,,,,,1
274,0.0,0.0,0.0,8.0,3.0,GGACATCCAAGGCCAT,14.0,1.0,,,,,,,,,,,2
275,0.0,1.0,0.0,11.0,5.0,AGAAGCAAGCGCCTTG,8.0,,,,,,,,,,,,1
276,0.0,1.0,0.0,2.0,3.0,TCCTTATGTTAAGCTC,3.0,1.0,,,,,,,,,,,2
277,0.0,6.0,0.0,5.0,3.0,CATTACGTCACAGCCT,7.0,1.0,,,,,1.0,,,,,,3
278,0.0,7.0,0.0,5.0,2.0,GGCCATCGTCATCCCT,27.0,1.0,,,,,,,,,,,2
279,0.0,0.0,0.0,7.0,7.0,GGGTTAGTCAAGGTGT,9.0,,,,,,,,,,,,1
280,0.0,0.0,0.0,3.0,3.0,CTCACCCTCAAAGGGA,1.0,9.0,,,,,,1.0,,,,,3
281,0.0,1.0,0.0,5.0,7.0,GCCATAGAGTATCGCC,1.0,,35.0,,,,1.0,,,,,,3
282,0.0,1.0,0.0,11.0,13.0,GCAGTTTGTAGCGCGA,1.0,13.0,,,,,,,,,,,2
283,0.0,0.0,0.0,8.0,6.0,GTAGGCGGTTGCATCG,1.0,,,,,,,13.0,,,,,2
284,,,,,,TTTGCCCGTGGTTAAG,14.0,1.0,,,,,,,,,,,2
285,0.0,5.0,0.0,9.0,10.0,ATTTGTCAGGTTGGGC,6.0,,,,,,,,,,,,1
286,0.0,1.0,0.0,6.0,10.0,CCGTACGTCCCATAAT,12.0,1.0,,,11.0,,,,,,,,3
287,0.0,0.0,0.0,3.0,3.0,TGATTACTCCATTAGT,11.0,,,,,,,,,,,,1
288,0.0,2.0,0.0,8.0,4.0,TAAGGCTAGCCATCAC,10.0,1.0,,,,,,,,,,,2
289,0.0,0.0,0.0,3.0,7.0,TAACCTGTCTGTGACC,8.0,,,,,,,,,,,,1
290,0.0,0.0,0.0,7.0,2.0,CGCTACTAGACAAGCT,9.0,,,,,,,,,,,,1
291,0.0,5.0,0.0,4.0,6.0,AGTGATCAGGACAACT,11.0,,,,,,,,,,,,1
292,,,,,,CGCGTGACAGTAATAC,14.0,1.0,,,,,,,,,,,2
293,0.0,0.0,0.0,8.0,4.0,TCGATAAAGTCATTCG,11.0,,,,,,,,,,,,1
294,0.0,0.0,0.0,3.0,47.0,GTTCCAGGTGATCCTG,12.0,2.0,,,,,,,,,,,2
295,0.0,5.0,0.0,4.0,45.0,GAGACCCAGACAGACT,8.0,,,,,,,,,,,,1
296,0.0,0.0,0.0,3.0,5.0,CTTACTGAGGTTCATT,12.0,1.0,,,,,,,,,,,2
297,0.0,0.0,0.0,4.0,2.0,AACCTTTAGTCAATGA,10.0,,,,,,,,,,,,1
298,0.0,0.0,0.0,3.0,2.0,CGAGAGGAGCGAAGCC,1.0,,,,,8.0,,,,,,,2
299,0.0,0.0,0.0,11.0,2.0,AGCCAATAGCTTACTG,1.0,,,,,,,12.0,,,,,2
300,0.0,0.0,0.0,3.0,5.0,CTATGAGCATTCATGC,9.0,,,,,,,,,,,,1
301,0.0,0.0,0.0,11.0,2.0,CCAAAGCCATCACAGA,7.0,,,,,,,,,,,,1
302,0.0,4.0,0.0,12.0,8.0,GTGCTTATCGAGCTAG,4.0,,,,,,,,,,,,1
303,0.0,0.0,0.0,4.0,4.0,ATAGCGAGTCAGGATA,2.0,,,,,,,,,,,,1
304,0.0,0.0,0.0,8.0,3.0,GGTTTATTCCAGATAA,12.0,,,,,,,,,,,,1
305,0.0,0.0,0.0,4.0,1.0,CTGATTTAGTGTTTGT,7.0,,,,,,,,,,,,1
306,0.0,0.0,0.0,1.0,10.0,GTTCCAGGTAGTCATC,8.0,,,,,,,,,,,,1
307,0.0,0.0,0.0,3.0,6.0,CCGCTAAGTATAGCGA,8.0,,,,,,,,,,,,1
308,0.0,2.0,0.0,4.0,6.0,AATGGCAGTCTCACTC,3.0,,,,,,,,,,,,1
309,,,,,,ATGACTTTCCTTAGAT,1.0,,,,,,,,,,,,1
310,0.0,0.0,0.0,9.0,2.0,TCACTTTGTTAATTCG,11.0,1.0,,,,,,,,,,,2
311,0.0,2.0,0.0,3.0,9.0,TACCAGCTCCTGGAAG,22.0,2.0,,,,,,1.0,,,,,3
312,,,,,,AGTATCCGTTTAGTTG,14.0,1.0,,,,,,,,,,,2
313,0.0,0.0,0.0,4.0,3.0,ATTGAGGGTCAGGGCA,4.0,,,,,,,,,,,,1
314,0.0,1.0,0.0,1.0,15.0,GTGGCGTAGTAAGTGC,5.0,1.0,,,,,,,,,,,2
315,0.0,5.0,0.0,6.0,7.0,CTCGATCAGGGTTTCC,9.0,,,,,,,,,,,,1
316,0.0,1.0,0.0,8.0,6.0,ACCTCACAGGTTATGA,7.0,1.0,,,,,,,,,,,2
317,0.0,0.0,0.0,2.0,3.0,AGATTAGTCTGGCCCA,9.0,1.0,,,,,,,,,,,2
318,0.0,1.0,0.0,8.0,8.0,AATTGACCATCAAGTG,9.0,,,,,,,,,,,,1
319,,,,,,ATCAGGTAGGTGAGAA,9.0,,,,,,,,,,,,1
320,0.0,0.0,0.0,11.0,5.0,TCAAACCGTCGAGGCA,12.0,,,,,,,8.0,,,,,2
321,0.0,0.0,0.0,5.0,5.0,ATAAACCCAATCCACT,18.0,,,,,,,,,,,,1
322,0.0,0.0,0.0,7.0,9.0,GGCCAAATCGAAATGC,3.0,,,,,,,,,,,,1
323,0.0,3.0,0.0,2.0,7.0,CCGTACGTCCGAAAGT,9.0,1.0,,,,,,,,,,,2
324,0.0,0.0,0.0,2.0,1.0,TAGCCTTCACGTGCTC,6.0,,,,,,,,,,,,1
325,,,,,,AGATAACGTTACTTCT,20.0,1.0,,,,,,1.0,,,,,3
326,0.0,0.0,0.0,15.0,10.0,TAACGTTTCCTTGAGC,6.0,1.0,,,,,,,,,,,2
327,0.0,1.0,0.0,12.0,13.0,GCGTTACTCATGCCTA,1.0,,,,,3.0,,,,,,,2
328,0.0,0.0,0.0,8.0,5.0,GAGTTACAGGCGCATA,10.0,,,,,,,,,,,,1
329,0.0,2.0,0.0,2.0,4.0,AACTTACTCGAAGGCC,7.0,1.0,,,,,,,,,,,2
330,0.0,0.0,0.0,6.0,5.0,ACGTTCGGTGACATTC,9.0,,,,,,,,,,,,1
331,0.0,1.0,0.0,8.0,4.0,AGACTGAGTACGTTCG,4.0,,,,,,,,,,,,1
332,0.0,6.0,0.0,8.0,3.0,TGTTCCTTCGATATGA,5.0,,,,,,,,,,,,1
333,0.0,0.0,0.0,6.0,5.0,ACACTAAAGGAGTCAT,4.0,,,,,,,,,,,,1
334,0.0,0.0,0.0,11.0,11.0,TGCCCATAGGTTAGTA,7.0,1.0,,,,,,,,,,,2
335,,,,,,GGCAGGTTCAGGTTAA,15.0,1.0,,,,,,,,,,,2
336,0.0,3.0,0.0,8.0,1.0,TCGTTGCAGATGCTAA,5.0,1.0,,,,,,,,,,,2
337,0.0,0.0,0.0,4.0,6.0,CTCTCGACATCACGCC,9.0,,,,,,,,,,,,1
338,,,,,,TTACACCCAAGCCTCC,4.0,,,,1.0,,,,,,,,2
339,0.0,0.0,0.0,15.0,8.0,AACCTGCTCACTTCGA,12.0,1.0,,,,,,,,,,,2
340,0.0,0.0,0.0,7.0,4.0,ACTTCAAGTATATTCG,5.0,,,,,,,,,,,,1
341,,,,,,GCACCAAAGGCGAGTC,11.0,1.0,,,,,,,,,,,2
342,,,,,,TCGCGCATCGATATGA,10.0,,,,,,,,,,,,1
343,0.0,0.0,3.0,2.0,7.0,GCTGATGAGCAGCTAG,1.0,,,,,,,8.0,,,,,2
344,0.0,0.0,0.0,1.0,1.0,TTTCAAGGTTTGTAGC,7.0,,,,,,,,,,,,1
345,0.0,0.0,0.0,2.0,1.0,ATGAGGTTCAAGCGAT,7.0,,,,,,,,,,,,1
346,,,,,,ATAACCAAGGTTATCT,10.0,,,,,,,,,,,,1
347,,,,,,AGTAAGCTCTTTGGAT,5.0,,,,,,,,,,,,1
348,0.0,2.0,0.0,4.0,14.0,TCCACCCTCTCTCGCC,10.0,1.0,,,,,,,,,,,2
349,0.0,1.0,0.0,3.0,5.0,GGCCTATTCACGTTAT,3.0,,,,,,,,,,,,1
350,0.0,0.0,0.0,5.0,5.0,CTACCCACAAAGTGCC,13.0,1.0,,,,,,,,,,,2
351,0.0,0.0,0.0,7.0,5.0,GTGGACCAGAAAGGCA,7.0,,,,,,,,,,,,1
352,0.0,0.0,0.0,8.0,1.0,ATTGATGAGCAATTGA,4.0,,,,,,,,,,,,1
353,0.0,1.0,0.0,1.0,7.0,CTGTGTGGTCGCAATT,5.0,1.0,,,,,,,,,,,2
354,0.0,0.0,0.0,4.0,8.0,TCAATTGGTAATGGAT,3.0,,,,,,,,,,,,1
355,0.0,0.0,0.0,2.0,8.0,TTCCTTTCATCATGTC,7.0,,,,,,,,,,,,1
356,0.0,1.0,0.0,6.0,11.0,GCTCACTAGACTGAGT,4.0,,,,,,,,,,,,1
357,,,,,,CATGCCAGTCGCAACC,7.0,,,,,,,,,,,,1
358,0.0,2.0,0.0,10.0,1.0,GTCAGTGAGTTAACAG,10.0,,,,,,,,,,,,1
359,0.0,1.0,0.0,0.0,4.0,TGCAAATCACCTTACG,2.0,,,,,,,,,,,,1
360,0.0,0.0,0.0,5.0,9.0,AGGGCTTCATTACACC,3.0,,,,,,,,,,,,1
361,0.0,1.0,0.0,6.0,2.0,GCTAAATCATGGCTTT,3.0,,,,,,,,,,,,1
362,0.0,0.0,0.0,8.0,7.0,ATGCGATAGCTAAGTA,4.0,,,,,,,,,,,,1
363,0.0,1.0,0.0,10.0,6.0,ACCCGTTAGACTGAGT,7.0,2.0,,,,,,,,,,,2
364,0.0,0.0,0.0,3.0,20.0,CATTGCGGTTGTTTGA,1.0,,,,7.0,,,,1.0,,,,3
365,0.0,1.0,0.0,4.0,6.0,TACTCACCAGGCCTCT,6.0,,,,,,,,,,,,1
366,0.0,0.0,0.0,4.0,7.0,TGGAAACTCTAGCCTA,3.0,,,,,,,,,,,,1
367,0.0,0.0,0.0,0.0,3.0,TTTATGGGTATTGACC,5.0,,,,,,,,,,,,1
368,0.0,1.0,0.0,0.0,2.0,TGTGGGTCAAATATGC,7.0,1.0,,,,,,,,,,,2
369,0.0,0.0,0.0,12.0,3.0,GAAGAATAGATGAACC,2.0,4.0,,,,,,,,,,,2
370,0.0,0.0,0.0,2.0,2.0,TACGCCTAGGCTGTGA,7.0,,,,,,,,,,,,1
371,0.0,0.0,0.0,3.0,4.0,AGTTATCTCTCACTAG,12.0,,,,,,,,,,,,1
372,0.0,0.0,0.0,6.0,4.0,CAACCGGCACATAGAT,5.0,,,,,,,,,,,,1
373,0.0,0.0,0.0,1.0,10.0,GATTATCTCACATTAC,6.0,,,,,,,,,,,,1
374,,,,,,TAGCTTTAGAATGGGA,8.0,1.0,,,,,,,,,,,2
375,,,,,,GCTTGATGTACTTACA,9.0,,,,,,,,,,,,1
376,0.0,1.0,0.0,2.0,5.0,CTAATGCGTCAGGAAC,4.0,1.0,,,,,,,,,,,2
377,0.0,0.0,0.0,4.0,16.0,TAACCCTCACTGTCAT,5.0,1.0,,,,,,,,,,,2
378,0.0,0.0,0.0,3.0,5.0,TTCTTGCTCGCTTCGG,3.0,,,,,,,,,,,,1
379,0.0,0.0,0.0,5.0,8.0,CAACCTATCGACTCAC,4.0,,,,1.0,,,,,,,,2
380,0.0,1.0,0.0,13.0,6.0,GGTTAGTAGCACGTTC,5.0,,,,,,,,,,,,1
381,0.0,0.0,0.0,2.0,4.0,TTTCGCGCATTGTGAG,10.0,1.0,,,,,,,,,,,2
382,0.0,0.0,0.0,8.0,2.0,TGTAACCGTACGTTCG,8.0,,1.0,,,,,,,,,,2
383,0.0,0.0,0.0,9.0,6.0,AGCTTTGTCACAAGCG,6.0,,,,,,,,,,,,1
384,,,,,,ACCGAAGTCCTTTGAG,4.0,,,,,,,,,,,,1
385,0.0,0.0,0.0,13.0,11.0,TCATGAGCAACTTAGG,3.0,,,,,,,,,,,,1
386,0.0,2.0,0.0,6.0,3.0,TTTGCTCTCGTTGCAC,3.0,1.0,,,,,,,,,,,2
387,0.0,0.0,0.0,2.0,3.0,ACAAGGCGTAAGAATC,8.0,,,,,,,,,,,,1
388,0.0,1.0,0.0,11.0,1.0,AGTAAGCTCACCTGTA,6.0,,,,,,,,,,,,1
389,,,,,,CTGTCAATCGCGGATA,1.0,6.0,,,,,,,,,,,2
390,0.0,4.0,0.0,2.0,1.0,TTCGATTAGCGATAAC,2.0,,,,,,,,,,,,1
391,0.0,1.0,0.0,11.0,3.0,CGCGATAAGTTTGGTT,3.0,,,,,,,,,,,,1
392,0.0,0.0,0.0,5.0,3.0,CTACATCCAGCTTAAG,9.0,,,,,,,,,,,,1
393,0.0,0.0,0.0,10.0,8.0,TCCTGGTAGTGATTAG,7.0,1.0,,,,,,,,,,,2
394,0.0,2.0,0.0,12.0,3.0,TCTACCTTCAGCACAG,4.0,,,,,,,,,,,,1
395,,,,,,ATTTCCTGTCACTATA,5.0,1.0,,,,,,,,,,,2
396,0.0,0.0,0.0,5.0,9.0,TGTTTCGAGTGATTAG,1.0,,,,,3.0,,,,,,,2
397,0.0,0.0,0.0,1.0,7.0,GCAAGTTAGGGATGAA,4.0,1.0,,,,,,,,,,,2
398,,,,,,GCCGTGACAACCCTAT,6.0,1.0,,,,,,,,,,,2
399,0.0,0.0,0.0,7.0,6.0,CTTGTGTCAATAGAGA,2.0,,,,,,,,,,,,1
400,,,,,,ACTTGCTCATCAGGTA,3.0,,,,,,,,,,,,1
401,0.0,8.0,0.0,9.0,6.0,GATTAACCAACATGAT,2.0,,,,,,,,,,,,1
402,0.0,3.0,0.0,0.0,2.0,CTATTACAGGATCCAG,1.0,,,,,,,4.0,,,,,2
403,,,,,,AGCGATCCAAGCGATC,4.0,,,,,,,,,,,,1
404,0.0,1.0,0.0,4.0,2.0,ATGGTAATCTGCCATA,2.0,,,,,,,,,,,,1
405,0.0,1.0,1.0,2.0,4.0,ATAGCTTTCGCAACGA,2.0,,,,,,,,,,,,1
406,0.0,0.0,0.0,7.0,6.0,ACTACAAAGCAGGTTG,2.0,,,,,,,,,,,,1
407,0.0,2.0,0.0,5.0,4.0,GTTAGGCCAGCACCTC,4.0,,,,1.0,,,1.0,,,,,3
408,0.0,0.0,0.0,4.0,5.0,AGCAGCCAGGTAAGTC,2.0,,,,,,,,,,,,1
409,0.0,0.0,0.0,7.0,9.0,TTAACCGTCTTAAGCT,3.0,,,,,,,,,,,,1
410,0.0,0.0,0.0,4.0,8.0,ACAATTGAGTTTGCTG,1.0,,,,,,,3.0,,,,,2
411,0.0,1.0,0.0,1.0,4.0,CCCATTCGTAATTTCG,9.0,,,,,,,,,,,,1
412,0.0,0.0,0.0,7.0,5.0,CTCGTTAAGTTGCAAA,3.0,,,,,,,,,,,,1
413,0.0,2.0,0.0,4.0,1.0,CATAGGGTCGCGCATT,1.0,,,8.0,,,,,,,,,2
414,0.0,0.0,0.0,12.0,6.0,AACTAACCATATGGTG,7.0,,,,,,,,,,,,1
415,,,,,,CACAAAGGTTAGGTGA,1.0,,,,,,,,,,,,1
416,,,,,,GGACTTACATGTGGCG,5.0,,,,,,,,,,,,1
417,0.0,0.0,0.0,5.0,2.0,TTCGCGCCACCATCCA,6.0,1.0,,,,,,,,,,,2
418,0.0,0.0,0.0,4.0,1.0,CCAAACTGTTGCGAAA,3.0,1.0,,,,,,,,,,,2
419,0.0,0.0,0.0,6.0,4.0,ACCGAAGTCTAATCAC,1.0,,,,,5.0,,,,,,,2
420,0.0,0.0,0.0,6.0,4.0,CTACTGATCGAAACTA,2.0,,,,,,,,,,,,1
421,,,,,,TCCAAGTGTGATCCTG,2.0,,,,,,,,,,,,1
422,,,,,,TTATAGCTCTGTCAAT,2.0,,,,,,,,,,,,1
423,0.0,1.0,0.0,2.0,6.0,TGAGGTAGTCCAATAC,3.0,,,,,,,,,,,,1
424,,,,,,ACCCAACTCCAAACGG,2.0,,,,,,,,,,,,1
425,0.0,0.0,0.0,3.0,4.0,CATTGACGTATATTCG,3.0,,,,,,,,,,,,1
426,,,,,,CGAAATGGTAGTTGTC,1.0,,,,,,,,,,,,1
427,,,,,,TCTACCTTCAATACAG,1.0,,,,,,,,,,,,1
428,,,,,,TCACTCGCAATCAAGT,1.0,,,,,,,,,,,,1
429,,,,,,GAAGGGTAGTCCTCAA,2.0,,,,,,,,,,,,1
430,0.0,1.0,0.0,7.0,1.0,AGTTATCTCCGAATTT,1.0,,,,,,,,,,,,1
431,0.0,0.0,0.0,5.0,3.0,AGCGCTAAGTGAGGAA,1.0,,,,,,,,,,,,1
432,0.0,0.0,0.0,1.0,2.0,ACAAGTATCCATAGAA,5.0,,,,,,,,,,,,1
433,0.0,0.0,0.0,6.0,9.0,TGGTAATCATAACCGA,4.0,1.0,,,,,,,,,,,2
434,,,,,,GCAGCTAAGGCCCATT,5.0,1.0,,,,,,,,,,,2
435,0.0,0.0,0.0,11.0,2.0,GGACATAGTGATTAGG,3.0,,,,,,,,,,,,1
436,0.0,0.0,0.0,6.0,3.0,CAGGTTACAACTTAGG,1.0,1.0,,,,,,,,,,,2
437,0.0,0.0,0.0,1.0,2.0,GGCATGTCATAGCCTT,1.0,,,,,,,,,,,,1
438,,,,,,CGGTGAGGTTGTCCAG,1.0,1.0,,,,,,,,,,,2
439,,,,,,AGCTACCTCGCTCAGT,1.0,,,,,,,,,,,,1
440,,,,,,ACGCATGAGAGGATAG,1.0,,,,,,,,,,,,1
441,,,,,,CAACCAACAGGCTTAA,1.0,,,,,,,,,,,,1
442,0.0,0.0,0.0,3.0,1.0,GGTGCTTTCGCTCAAC,1.0,,,,,,,,,,,,1
443,0.0,1.0,0.0,12.0,14.0,GTCCCTCTCAAGTTAG,4.0,,,,,,,,,,,,1
444,0.0,0.0,0.0,3.0,2.0,AGTACTGCACTTTATG,1.0,,,,,,,,,,,,1
445,0.0,4.0,0.0,6.0,9.0,ATGGCCTTCATTACCG,1.0,,,,,,,,,,,,1
446,0.0,4.0,0.0,6.0,5.0,CGCCATCCAAGCTAAT,1.0,,,,,,1.0,,,,,,2
447,0.0,0.0,0.0,0.0,4.0,GCGAGGTTCAATTTGC,3.0,,,,,,,,,,,,1
448,0.0,0.0,0.0,5.0,2.0,CTCTCGACACGCAATA,1.0,,,,,,,,,,,,1
449,0.0,0.0,0.0,4.0,5.0,CTATGTTAGCCTATAT,1.0,,,,,,,,,,,,1
450,0.0,0.0,0.0,3.0,0.0,TGAATAGTCAAACCGG,1.0,,,,,,,,,,,,1
451,0.0,0.0,0.0,3.0,3.0,CCTAATCCAAGATAAG,1.0,,,,,,,,,,,,1
452,,,,,,GGCCAGTAGCCTCTAA,1.0,,,,,,,,,,,,1
453,,,,,,AAGGTATGTCGTTCGA,1.0,,,,,,,,,,,,1
454,0.0,3.0,0.0,2.0,4.0,GGGTTAGTCATTTGCG,1.0,,,,,,,,,,,,1
455,,,,,,ACCAATTTCGTAACCC,1.0,,,,,,,,,,,,1
456,0.0,0.0,0.0,4.0,4.0,AACCTATTCATTTGCG,1.0,,,,,,,,,,,,1
457,,,,,,TCATGCCAGTCGTTCA,3.0,,,,,,,,,,,,1
458,0.0,0.0,0.0,4.0,5.0,CCTCATCGTCCACAAT,1.0,,,,,,,,,,,,1
459,0.0,0.0,0.0,4.0,0.0,GGCGATTCAACGTTAG,1.0,,,,,,,,,,,,1
460,0.0,2.0,0.0,9.0,6.0,TTCGATAGTAACCGCC,1.0,,,,,,,,,,,,1
461,,,,,,CCCACTTGTATTCGTA,1.0,,,,,,,,,,,,1
462,0.0,1.0,0.0,1.0,4.0,ACAGTTGCATAAGCTG,1.0,,,,,,,,,,,,1
463,0.0,0.0,0.0,4.0,5.0,GCATTGTGTGTGGCTC,1.0,,,,,,,,,,,,1
464,,,,,,GGCATTTGTTTCTAAG,1.0,,,,,,,,,,,,1
465,0.0,4.0,0.0,12.0,14.0,TCTGGAACAAGCCAGT,1.0,,,,,,,,,,,,1
466,0.0,0.0,0.0,9.0,6.0,ACACCTATCACCTAAT,2.0,,,,,,,,,,,,1
467,0.0,3.0,0.0,10.0,3.0,TCACGTTCAAGACATT,1.0,,,,,,,,,,,,1
468,,,,,,ATTCGATTCAGGCAAT,1.0,,,,,,,,,,,,1
469,0.0,0.0,0.0,7.0,2.0,AATCGCGAGCGAATCG,1.0,,,,,,,,,,,,1
470,,,,,,ACATACTTCCCTTTGT,1.0,,,,,,,,,,,,1
471,0.0,1.0,0.0,4.0,3.0,TCAACTAGTGCACTAT,1.0,,,,,,,,,,,,1
472,0.0,0.0,0.0,2.0,1.0,GGTTTATTCCAAACGG,1.0,,,,,,,,,,,,1
473,0.0,1.0,0.0,5.0,7.0,TGCGCTTAGGACTTGG,1.0,,,,,,,,,,,,1
474,0.0,2.0,0.0,13.0,10.0,CGGCAATCATGTTTCA,1.0,,,,,,,,,,,,1
475,0.0,1.0,0.0,3.0,7.0,GTGCTCAGTGCGATAA,1.0,,,,,,,,,,,,1
476,0.0,1.0,1.0,7.0,11.0,GGCATTTGTTTCCTCA,1.0,,,,,,,,,,,,1
477,0.0,2.0,0.0,9.0,7.0,GCCATTTCATCCACCA,1.0,,,,,,,,,,,,1
478,0.0,0.0,0.0,3.0,2.0,CCTTCCTCACTTCGAT,1.0,,1.0,,,,,,,,,,2
479,0.0,0.0,0.0,6.0,4.0,TTCATGCCAGCTCATT,1.0,,,,,,,,,,,,1
480,,,,,,TCTAGTTAGTTATGGA,1.0,,,,,,,,,,,,1
481,0.0,0.0,0.0,3.0,4.0,TAGGTTAAGGTTATGA,1.0,,,,,,,,,,,,1
482,,,,,,CCCATCACAGCCTGAG,1.0,,,,,,,,,,,,1
483,,,,,,TTCCTTTCACGTAATG,1.0,,,,,,,,,,,,1
484,0.0,0.0,0.0,0.0,1.0,TTGAATCTCCTGGATC,1.0,,,,,,,,,,,,1
485,,,,,,GGCTGTGCATACTGAG,1.0,,,,,,,,,,,,1
486,0.0,0.0,0.0,16.0,11.0,GAGCCTTTCGCCTCTC,1.0,,,,,,,,,,,,1
487,0.0,12.0,0.0,6.0,3.0,AACCATAAGTAGCTAA,1.0,,,,,,,,,,,,1
488,0.0,0.0,0.0,3.0,5.0,ATGATCAAGGGTTTCC,1.0,,,,,,,,,,,,1
489,0.0,3.0,0.0,6.0,6.0,CCAGGTTTCCAAACGG,1.0,,,,,,,,,,,,1
490,0.0,0.0,0.0,6.0,7.0,CATTCGCAGTCAGGCA,1.0,,,,,,,,,,,,1
491,0.0,1.0,0.0,3.0,5.0,GTTGGGTCAGAGGCTT,1.0,,,,,,,,,,,,1
492,0.0,1.0,0.0,5.0,4.0,CTACCATCAAGATGCC,1.0,,,,,,,1.0,,,,,2
493,0.0,0.0,0.0,2.0,0.0,GGTGAAGCAAACTGGC,1.0,,,,,,,,,,,,1
494,,,,,,GGTGTTTGTGCTGATT,1.0,,,,,,,,,,,,1
495,0.0,0.0,0.0,2.0,3.0,CGTTGTCAGGTCACTC,1.0,,,,,,,,,,,,1
496,0.0,0.0,1.0,2.0,5.0,GCTTGGTTCTCACCGG,1.0,,,,,,,,,,,,1
497,,,,,,GTCACACTCCTAAATC,1.0,,,,,,,,,,,,1
498,,,,,,ACCCTCCTCAGCCTTA,1.0,,,,,,,,,,,,1
499,0.0,4.0,0.0,3.0,4.0,CGCAGGTAGGACACGC,1.0,,,,,,,,,,,,1
500,0.0,0.0,0.0,4.0,4.0,AGTGGATTCACAAAGC,1.0,,,,,,,,,,,,1
501,0.0,2.0,0.0,7.0,4.0,AGCCATTGTCTACCAG,1.0,,,,,,,,,,,,1
502,,,,,,CGCGATAAGGTTATGA,1.0,,,,,,,,,,,,1
503,0.0,0.0,0.0,6.0,3.0,GAGCTTTGTGCAATAG,1.0,,,,,,,,,,,,1
504,,,,,,AAGCCTTGTGGCGTAG,1.0,,,,,,,,,,,,1
505,,,,,,CCCTGACCATTTATCG,1.0,,,,,,,,,,,,1
506,0.0,0.0,0.0,3.0,7.0,ACCATTAGTAGCCATT,1.0,,,,,,,,,,,,1
507,0.0,0.0,0.0,4.0,1.0,CGCAGCACACATTCGT,1.0,,,,,,,,,,,,1
508,0.0,2.0,0.0,35.0,16.0,TCTCGCCTCCCATAGC,1.0,,,,,,,,,,,,1
509,0.0,0.0,0.0,3.0,7.0,GTCATTGTCGACTCAC,1.0,,,,,,,,,,,,1
510,0.0,3.0,0.0,9.0,4.0,TGAACCACATCACGAA,1.0,,,,,,,,,,,,1
511,0.0,1.0,0.0,15.0,5.0,TAACCGCTCCCGTTCC,1.0,,,,,,,,,,,,1
512,,,,,,CGGTCAAAGGCGCGAT,1.0,,,,,,,,,,,,1
513,0.0,0.0,0.0,8.0,7.0,CACTAGCTCCGCTATA,1.0,,,,,,,,,,,,1
514,0.0,0.0,0.0,5.0,1.0,GTTCCAGGTCCTCCTG,1.0,,,,,,,,,,,,1
515,,,,,,ACCACGTTCTAATGAG,1.0,,,,,,,,,,,,1
516,0.0,0.0,0.0,5.0,8.0,AGCATCCTCGACTCAC,1.0,,,,,,,,,,,,1
517,0.0,0.0,0.0,2.0,2.0,GAGGTCCAGAAGCATC,1.0,,,,,,,,,,,,1
518,0.0,0.0,0.0,1.0,1.0,CATTATGGTTTCCTCA,1.0,,,,,,,,,,,,1
519,0.0,0.0,0.0,1.0,5.0,GCGTTACTCACTAGGG,2.0,,,,,,,,,,,,1
520,0.0,1.0,0.0,5.0,5.0,AAGTGAGAGGCTGGTA,1.0,,,,,,,,,,,,1
521,,,,,,AAAGGCTTCAACCTAT,1.0,,,,,,,,,,,,1
522,0.0,0.0,0.0,3.0,5.0,CAGCCAGCACGTAGGT,1.0,,,,,,,,,,,,1
523,0.0,0.0,0.0,6.0,5.0,AATACTGAGAGCAAGA,1.0,,,,,,,,,,,,1
524,,,,,,GATGCACCAAGCTAAT,1.0,,,,,,,,,,,,1
525,0.0,1.0,0.0,8.0,3.0,GTGCTTATCAGGTTAA,1.0,,,,,,,,,,,,1
526,0.0,0.0,0.0,5.0,3.0,TAGTTGCGTTGTGAGA,1.0,,,,,1.0,,,,,,,2
527,0.0,1.0,0.0,2.0,6.0,AGTTACGCAGATAACT,1.0,,,,,,,,,,,,1
528,0.0,2.0,0.0,5.0,11.0,GACTAACAGAATGGGA,1.0,,,,,,,,,,,,1
529,0.0,2.0,0.0,9.0,7.0,AGCCTTTCAAAGCCTA,1.0,,,,,,,,,,,,1
530,,,,,,TACTCACCACGATTAG,2.0,,,,,,,,,,,,1
531,0.0,0.0,0.0,2.0,2.0,GATTTGAAGGCTTAGG,1.0,,,,,,,,,,,,1
532,0.0,0.0,0.0,2.0,3.0,AGCTGGATCACCTTTC,1.0,,,,,,,,,,,,1
533,,,,,,CTTCCTCCAAGTTCCT,1.0,,,,,,,,,,,,1
534,,,,,,CTTAGCCAGGCCAACA,1.0,,,,,,,,,,,,1
535,0.0,0.0,0.0,6.0,1.0,GTAGTCCTCACGAACG,1.0,,,,,,,,,,,,1
536,0.0,0.0,0.0,1.0,1.0,CTTACCGCAAAGACCC,1.0,,,,,,,,,,,,1
537,0.0,0.0,0.0,3.0,1.0,TGAGTCTGTGACATTC,1.0,,,,,,,,,,,,1
538,0.0,0.0,0.0,4.0,2.0,CGGGTTGCACACCCAC,1.0,,,,,,,,,,,,1
539,0.0,1.0,0.0,8.0,3.0,TAGTGATCATAGTCAG,1.0,,,,,,,,,,,,1
540,0.0,6.0,0.0,2.0,2.0,GTCCCTCTCCAAACAA,1.0,,,,,,,,,,,,1
541,,,,,,TGAGTGAGTAAGGTTG,1.0,,,,,,,,,,,,1
542,,,,,,ATGGCTTGTTGTCCAG,1.0,,,,,,,,,,,,1
543,0.0,0.0,0.0,4.0,1.0,CATTATGGTTCACTCC,1.0,,,,,,1.0,,,,,,2
544,0.0,0.0,0.0,2.0,5.0,CATTGTGTCAGGCTGA,1.0,,,,,,,,,,,,1
545,,,,,,TAGCTTTAGGTATGGT,1.0,,,,,,,,,,,,1
546,,,,,,TATGAGCAGCGCTACT,1.0,,,,,,,,,,,,1
547,0.0,1.0,0.0,4.0,5.0,CCGCTAAGTTAGTGAG,1.0,,,,,,,,,,,,1
548,,,,,,GCTGATGAGTTTGCTG,1.0,,,,,,,,,,,,1
549,0.0,0.0,0.0,1.0,1.0,GGTTTATTCAGGCCTT,1.0,,,,,,,,,,,,1
550,,,,,,GCCCTTGAGGTTTCGC,1.0,,,,,,,,,,,,1
551,,,,,,CTGACCAGTTGCGCTA,1.0,,,,,,,,,,,,1
552,,,,,,AACCAGGTCCTAAGGG,1.0,,,,,,,,,,,,1
553,0.0,1.0,0.0,5.0,6.0,GCTCGTTAGTTGCGCT,1.0,,,,,,,,,,,,1
554,,,,,,GGGCAATGTTTGGCCA,1.0,,,,,,,,,,,,1
555,0.0,1.0,0.0,4.0,5.0,TTCGCCACACCTACTG,1.0,,,,,,,,,,,,1
556,0.0,4.0,0.0,14.0,8.0,AGTGATGGTAGCCAAA,1.0,,,,,,,,,,,,1
557,,,,,,TGTGCGCGTCACTAGT,1.0,,,,,,,,,,,,1
558,0.0,5.0,0.0,3.0,4.0,GGTTGAGTCGAACCGA,1.0,,,,,,,,,,,,1
559,0.0,0.0,0.0,7.0,0.0,TGTGTCCAGGTGAGCC,1.0,,,,,,,,,,,,1
560,0.0,0.0,0.0,5.0,2.0,GTGTGCGCAGGATTAT,1.0,,,,,,,,,,,,1
561,0.0,1.0,0.0,1.0,6.0,ACAAGTATCCACAACC,1.0,,,,,,,,,,,,1
562,,,,,,AGGACAAAGACCTTTG,1.0,,,,,,,,,,,,1
563,0.0,4.0,0.0,12.0,1.0,CGAGTTACAAGAAATG,1.0,,,,,,,,,,,,1
564,,,,,,CACCAACTCCAAACGG,1.0,,,,,,,,,,,,1
565,,,,,,GTCACTCAGTCAAACA,1.0,,,,,,,,,,,,1
566,,,,,,TCTAATCAGATGGATC,1.0,,,,,,,,,,,,1
567,,,,,,GCGGATTCACAACAAT,1.0,,,,,,,,,,,,1
568,0.0,1.0,0.0,16.0,6.0,GCTTGGTTCGGCTAAG,1.0,,,,,,,,,,,,1
569,,,,,,GGAACAAAGCACGTTC,1.0,,,,,,,,,,,,1
570,0.0,0.0,0.0,11.0,13.0,AACCCGGCACATAAGT,1.0,,,,,,,,,,,,1
571,0.0,0.0,0.0,6.0,1.0,GACCCAAAGTTTACCG,1.0,,,,,,,,,,,,1
572,0.0,0.0,0.0,3.0,9.0,GCATTACGTACGTAAG,1.0,,,,,,,,,,,,1
573,0.0,1.0,0.0,7.0,6.0,TCATCAGTCGAGGCAC,1.0,,,,,,,,,,,,1
574,0.0,0.0,0.0,5.0,8.0,AGTTACTTCACTTGAT,1.0,,,,,,,,,,,,1
575,0.0,0.0,0.0,3.0,4.0,ACCTCTAAGCTTGAAA,1.0,,,,,,,,,,,,1
576,0.0,0.0,0.0,4.0,2.0,GGAGCGAAGGGTTATA,1.0,,,,,,,,,,,,1
577,,,,,,GTCATTAGTAATGGAT,1.0,,,,,,,,,,,,1
578,0.0,0.0,0.0,0.0,0.0,GAAGTATGTATTCAGC,1.0,,,,,,,,,,,,1
579,0.0,0.0,0.0,1.0,6.0,TCAAGCGAGACAACTA,1.0,,,,,,,,,,,,1
580,0.0,0.0,0.0,5.0,2.0,TGTCTTGAGACGCATG,1.0,,,,,,,,,,,,1
581,0.0,0.0,0.0,3.0,3.0,GTTCACCAGGTCAAAC,1.0,,,,,,,,,,,,1
582,0.0,1.0,0.0,1.0,3.0,CTTTAGGTCGTGATTT,1.0,,,,,,,,,,,,1
583,0.0,1.0,0.0,6.0,7.0,ACACAAGGTCAATACC,1.0,,,,,,,,,,,,1
584,0.0,0.0,0.0,9.0,4.0,CAATGCCTCTATGCAT,1.0,,,,,,,,,,,,1
585,,,,,,TCCATTTGTAGCCCGT,1.0,,,,,,,,,,,,1
586,0.0,0.0,0.0,4.0,7.0,GGCTTGTTCCCGCTGA,1.0,,,,,,,,,,,,1
587,,,,,,CTGATGACACCTTCTC,1.0,,,,,,,,,,,,1
588,0.0,0.0,0.0,5.0,3.0,CTCAATAGTCTGTGAT,1.0,,,,,,,,,,,,1
589,,,,,,CGTTACATCCGCAATC,1.0,,,,,,,,,,,,1
590,,,,,,GCCTAATGTACAAACG,1.0,,,,,,,,,,,,1
591,0.0,1.0,0.0,4.0,5.0,TGTTCACCAAGGCTTA,1.0,,,,,,,,,,,,1
592,,,,,,TCTAACCCAAACCCAA,1.0,,,,,,,,,,,,1
593,,,,,,CAACCGGCAGACTCAA,1.0,,,,,,,,,,,,1
594,,,,,,GAACAATGTTGGGTTT,1.0,,,,,,,,,,,,1
595,0.0,0.0,0.0,2.0,2.0,GTACTTAGTGTGAGTA,1.0,,,,,,,,,,,,1
596,0.0,0.0,0.0,5.0,5.0,GCCCAATTCGAGGCAC,1.0,,,,,,,,,,,,1
597,0.0,0.0,0.0,10.0,16.0,TCCACCCTCTGGCCCA,1.0,,,,,,,,,,,,1
598,0.0,0.0,0.0,10.0,6.0,ACGGAACGTGGCTTTG,1.0,,,,,,,,,,,,1
599,0.0,5.0,0.0,1.0,9.0,GAACTTGCAAGGCCAT,1.0,,,,,,,,,,,,1
600,,,,,,TCCAATAGTGGCGTAG,1.0,,,,,,,,,,,,1
601,,,,,,CCCTGTGAGATAACCA,1.0,,,,,,,,,,,,1
602,,,,,,TACATACTCAAGGGTT,1.0,,,,,,,,,,,,1
603,0.0,0.0,0.0,3.0,2.0,TATTGCAGTTAACGGA,1.0,,,,,,,,,,,,1
604,0.0,5.0,0.0,0.0,5.0,GATCAATCAATCATCC,1.0,,,,,,,,,,,,1
605,,,,,,CACAAAGGTATGGTGA,1.0,,,,,,,,,,,,1
606,,,,,,GTTTGTAGTTTCACCC,1.0,,,,,,,,,,,,1
607,,,,,,CCCTGATAGGGAGGCA,1.0,,,,,,,,,,,,1
608,0.0,0.0,1.0,10.0,5.0,CCAGAACCACCGTTTG,1.0,,,,,,,,,,,,1
609,,,,,,TACCGCCCATTGTGAG,1.0,,,,,,,,,,,,1
610,,,,,,TGCTTAAGTTATGAGG,1.0,,,,,,,,,,,,1
611,0.0,1.0,0.0,2.0,6.0,TACCATCCACTGTCAT,1.0,,,,,,,,,,,,1
612,0.0,2.0,0.0,7.0,8.0,GCGCTACGTGATCCTG,1.0,,,,,,,,,,,,1
613,0.0,1.0,0.0,10.0,8.0,CTCCTCTCATCAAGTG,1.0,,,,,,,,,,,,1
614,0.0,9.0,0.0,10.0,12.0,CAAGATTCATAACCAG,1.0,,,,,,,,,,,,1
615,0.0,0.0,0.0,2.0,1.0,GTCATCCAGCAATCCC,1.0,,,,,,,,,,,,1
616,0.0,0.0,0.0,7.0,9.0,GAACTTGCAATGTTCC,1.0,,,,,,,,,,,,1
617,,,,,,ACTCCCACAACTAAGT,1.0,,,,,,,,,,,,1
618,0.0,0.0,0.0,3.0,6.0,AGTCAATCAAGAAATG,1.0,,,,,,,,,,,,1
619,,,,,,TACCTTTGTAGCCCGT,1.0,,,,,,,,,,,,1
620,0.0,0.0,0.0,3.0,3.0,GGTACTGAGTGATGGT,1.0,,,,,,,,,,,,1
621,0.0,0.0,0.0,5.0,6.0,CCTTCCTCATAGGCGT,1.0,,,,,,,,,,,,1
622,0.0,0.0,0.0,4.0,2.0,CCCGCAATCTTCGCTT,1.0,,,,,,,,,,,,1
623,0.0,0.0,0.0,2.0,1.0,CTAAGGCCAAACCGGT,1.0,,,,,,,,,,,,1
624,,,,,,ACTTCCCGTTTGTGAC,1.0,,,,,,,,,,,,1
625,,,,,,GAACAATGTCAACAAG,,1.0,61.0,,,,,,,,,,2
626,,,,,,ACCTCACAGCAGGTTG,,19.0,,,,,,,,,,,1
627,0.0,10.0,0.0,14.0,8.0,ACGCACGCAACTGTTC,,17.0,5.0,,,,,,,,,,2
628,,,,,,GTCCTGAGTCCTGAGC,,9.0,,,1.0,,,,,,,,2
629,0.0,0.0,0.0,6.0,5.0,CGACACCGTAACCGCC,,15.0,,,,,,,,,,,1
630,0.0,4.0,0.0,12.0,5.0,CATCAATTCGAGGTTG,,5.0,,,,,,,,,,,1
631,0.0,0.0,0.0,2.0,3.0,CGAGGAGAGCAAAGCT,,7.0,,,,,,,,,,,1
632,0.0,2.0,0.0,9.0,6.0,CTAGGTACATTTCGAC,,5.0,,,,,,,,,,,1
633,0.0,4.0,0.0,7.0,7.0,CGTTGCGTCACAGGGC,,6.0,,,,,,,,,,,1
634,0.0,0.0,0.0,7.0,12.0,CTTAAGGCATTCGGTT,,12.0,,,,,,,,,,,1
635,0.0,3.0,0.0,9.0,7.0,CACAAGCCAATGGCCG,,9.0,,,,,,,,,,,1
636,0.0,0.0,0.0,1.0,2.0,GCTATTAGTGTGTTAC,,5.0,,,,,,,,,,,1
637,0.0,0.0,0.0,4.0,2.0,GAGTAATGTCTAACCG,,8.0,,,,,,,,,,,1
638,0.0,1.0,0.0,8.0,9.0,GCTCACCCAGTGAGAG,,8.0,,,,,,,,,,,1
639,,,,,,AGTGACCCATTCAACC,,3.0,,,,,,,,,,,1
640,0.0,1.0,0.0,4.0,2.0,GGCTTGAAGCGGGACT,,8.0,,,,,,,,,,,1
641,0.0,0.0,0.0,1.0,1.0,ATTATGGAGGAACCTG,,2.0,,,,,,,,,,,1
642,0.0,0.0,0.0,8.0,12.0,AGCGGCTAGGCCATTC,,3.0,,,,,,,,,,,1
643,,,,,,TGCTAACGTCTACCTC,,5.0,,,,,,,,,,,1
644,0.0,0.0,0.0,5.0,4.0,TACGCCTAGTCAATAG,,4.0,,,,,,,,,,,1
645,0.0,0.0,0.0,11.0,4.0,TGCTCCACAGCCTATT,,10.0,,,,,,,,,,,1
646,0.0,0.0,0.0,2.0,5.0,TTGATCAGTTTGTAGC,,3.0,,,,,,,,,,,1
647,0.0,5.0,0.0,9.0,7.0,CTTGAGGAGGTTCATT,,4.0,,,,,,,,,,,1
648,0.0,8.0,0.0,3.0,1.0,GGGCAATGTGACACAA,,1.0,1.0,,,,,,,,,,2
649,,,,,,TAAGGCTAGCGCGAAC,,2.0,,,,,,,,,,,1
650,0.0,0.0,0.0,5.0,7.0,TCACAAGCAACAGCAC,,1.0,,,,,,,,,,,1
651,0.0,1.0,0.0,1.0,4.0,TTACACCCAACTTAGG,,1.0,,,,,1.0,,,,,,2
652,0.0,1.0,0.0,3.0,1.0,TGCCTTAAGTTGACGG,,1.0,,,,,,,,,,,1
653,0.0,0.0,0.0,13.0,5.0,GACAAACTCTGTGATT,,1.0,,,,,,,,,,,1
654,0.0,0.0,0.0,1.0,3.0,GTGAGTTAGATGCAAC,,1.0,,,,,,,,,,,1
655,0.0,0.0,0.0,1.0,1.0,CATTGCGGTTGGGCGA,,1.0,,,,,,,,,,,1
656,,,,,,AGATTGATCAACTGGG,,1.0,,,,,,,,,,,1
657,,,,,,CTGAATGCAATCAAAC,,1.0,,,,,,,,,,,1
658,0.0,1.0,0.0,11.0,10.0,CACCTGGTCAGCCTTA,,1.0,,,,,,,,,,,1
659,0.0,0.0,0.0,2.0,1.0,CGGTCAAAGGCCTCTG,,1.0,,,,,,,,,,,1
660,0.0,0.0,0.0,6.0,3.0,AGTGGATTCGCCTAGT,,1.0,,,,,,,,,,,1
661,0.0,2.0,0.0,10.0,7.0,CACCTGGTCGGTAATA,,1.0,,,,,,,,,,,1
662,,,,,,CATTACGTCGGTACGA,,1.0,,,,,,,,,,,1
663,0.0,1.0,0.0,3.0,8.0,CACTAACGTAACTACC,,1.0,,,,,,,,,,,1
664,0.0,1.0,0.0,4.0,6.0,AGCCTCTAGTCTAATC,,1.0,,,,,,,,,,,1
665,0.0,0.0,0.0,2.0,0.0,GCAGCAATCCTCTAAG,,1.0,,,,,,,,,,,1
666,0.0,3.0,0.0,17.0,11.0,ACCTTTACACACCCAC,,,21.0,,,,,,,,,,1
667,0.0,2.0,0.0,5.0,4.0,AGCTGGCAGACAAGCT,,,1.0,,,,20.0,,,,,,2
668,0.0,4.0,0.0,6.0,7.0,ATCATCAGTGGACCCT,,,24.0,,,,1.0,,,,,,2
669,,,,,,GTACCTATCGCTTGAC,,,13.0,,,,,,,,,,1
670,0.0,9.0,1.0,3.0,1.0,ACGGATTAGTTGGCCT,,,16.0,,,,,,,,,,1
671,0.0,3.0,0.0,4.0,16.0,GGACCAGGTTTGACTA,,,9.0,,,,,,,,,,1
672,0.0,0.0,0.0,3.0,5.0,GGATTGCCAATGGCCG,,,1.0,16.0,,,,,,,,,2
673,0.0,0.0,1.0,7.0,13.0,TATATGCTCAGGGCAC,,,1.0,,,,18.0,,,,,,2
674,,,,,,TCGCTCGAGCCACTCG,,,10.0,,,,,,,,,,1
675,0.0,5.0,0.0,4.0,9.0,AGGGACCTCATTTGCG,,,23.0,3.0,,,1.0,,,,,,3
676,0.0,11.0,0.0,6.0,5.0,TGAGGCGGTATGTTTG,,,8.0,,,,,,,,,,1
677,0.0,2.0,0.0,2.0,13.0,CTGACCAGTGATAAAC,,,18.0,1.0,,,1.0,,,,,,3
678,0.0,12.0,0.0,7.0,9.0,ATAGGCTAGATGCAAC,,,18.0,,,,1.0,,,,,,2
679,0.0,2.0,0.0,1.0,30.0,GGCTGATCATTGCCCA,,,17.0,12.0,,,1.0,,,,,,3
680,0.0,3.0,0.0,3.0,6.0,CTTCGCCTCGATTAAG,,,1.0,,,,17.0,,,,,,2
681,,,,,,GTTGTTGTCACCCTCC,,,12.0,,,,1.0,,,,,,2
682,0.0,10.0,1.0,3.0,4.0,AATGAAGCAGCCCTTA,,,1.0,,,,6.0,,,,,,2
683,0.0,5.0,0.0,5.0,3.0,GTAGCCCGTTGCTGTG,,,15.0,,,,,,,,,,1
684,0.0,1.0,0.0,16.0,14.0,ATTGGCTGTGAATCTC,,,13.0,,,,,,,,,,1
685,,,,,,GGTGTTTGTGACCTAT,,,11.0,,,,,,,,,,1
686,0.0,10.0,0.0,7.0,1.0,CGCTCAGTCTTCAAGT,,,13.0,,,,1.0,,,,,,2
687,0.0,6.0,0.0,4.0,1.0,GCTATTGTCCTCACTT,,,7.0,,,,,,,,,,1
688,0.0,2.0,0.0,5.0,2.0,ACAGCGGGTAAGAATC,,,12.0,,,,,,,,,,1
689,0.0,12.0,0.0,1.0,6.0,TGGTGAAGTCCGTGAC,,,15.0,,,,,,,,,,1
690,0.0,5.0,0.0,12.0,6.0,CGGGATGGTTAAGCTC,,,10.0,,,,,,,,,,1
691,0.0,0.0,0.0,1.0,5.0,AGCGCTAAGATTGAGC,,,1.0,,,,10.0,,,,,,2
692,0.0,1.0,0.0,1.0,2.0,GGGCTTAAGATGCCTC,,,15.0,,,,,,,,,,1
693,,,,,,AATCCGGAGAACCTAA,,,8.0,,,,,,,,,,1
694,0.0,2.0,0.0,3.0,2.0,TCACCAATCAATGTTC,,,6.0,,,,,,,,,,1
695,0.0,0.0,0.0,6.0,1.0,GCGATAAGTGTCCAGC,,,1.0,,,,24.0,,,,,,2
696,0.0,0.0,0.0,1.0,5.0,GTCAAAGGTCTATCTT,,,3.0,,,,,,,,,,1
697,0.0,3.0,0.0,16.0,6.0,TTCGGTCAGGTTCTTG,,,1.0,,,,16.0,,,,,,2
698,0.0,5.0,0.0,16.0,16.0,CGTTCAATCCTGATCA,,,2.0,,,,,,,,,,1
699,0.0,0.0,1.0,5.0,2.0,TGTTAGTTCAGGCAAT,,,1.0,8.0,,,,,,,,,2
700,0.0,2.0,0.0,5.0,3.0,GTTTGGACAAGTTCCT,,,2.0,,,,,,,,,,1
701,0.0,5.0,0.0,6.0,3.0,AGACTGAGTCACTATA,,,8.0,,,,,,,,,,1
702,0.0,0.0,0.0,2.0,0.0,GTTGTAAAGGCCATTC,,,1.0,5.0,,,,,,,,,2
703,0.0,0.0,0.0,1.0,1.0,TGATGGCCACCTCGAC,,,10.0,,,,,,,,,,1
704,0.0,3.0,0.0,3.0,8.0,CAGGTTCTCAGGCAAT,,,7.0,,,,7.0,,,,,,2
705,0.0,8.0,0.0,3.0,2.0,TTACTTCGTGTTTGGT,,,8.0,,,,,,,,,,1
706,,,,,,AGCTGCAAGGCTTAGG,,,4.0,,,,,,,,,,1
707,0.0,4.0,0.0,2.0,10.0,TCGCCTCTCATAGGTA,,,10.0,,,,,,,,,,1
708,,,,,,GACAATATCATTACCG,,,2.0,,,,,,,,,,1
709,,,,,,GGTTTGTGTTTGGCCA,,,7.0,,,,,,,,,,1
710,0.0,2.0,0.0,2.0,2.0,GTGAGTTAGGTGAGGG,,,1.0,,,,,,,,,,1
711,0.0,0.0,0.0,5.0,7.0,AGATTAGTCTTGAAGA,,,1.0,,4.0,,,,,,,,2
712,0.0,3.0,0.0,3.0,10.0,CGACACCGTACGGGCA,,,2.0,,,,,,,,,,1
713,0.0,6.0,0.0,1.0,3.0,AACTCGCTCAGCCCTG,,,2.0,,,,,,,,,,1
714,0.0,0.0,8.0,1.0,1.0,AAAGCGAAGCGGGACT,,,1.0,,,,,,,,,,1
715,,,,,,ACCAACTGTGTCCTTC,,,1.0,,,,,,,,,,1
716,,,,,,CGCTTTAAGACTCCTA,,,1.0,,,,,,,,,,1
717,0.0,2.0,0.0,4.0,0.0,ATTATGGAGGAACCGC,,,1.0,,,,1.0,,,,,,2
718,,,,,,GTGGTTCTCTGTGACC,,,1.0,,,,,,,,,,1
719,,,,,,AGCTGGATCCACAATT,,,1.0,,,,,,,,,,1
720,0.0,0.0,0.0,5.0,1.0,AGCCCTGTCTCGCCTC,,,1.0,,,,,,,,,,1
721,,,,,,GACCTCAGTTTGCATA,,,1.0,,,,,,,,,,1
722,,,,,,GCCGTGACATAAGCTG,,,1.0,,,,,,,,,,1
723,0.0,6.0,0.0,7.0,2.0,GAGCTAGTCAGGCTGA,,,1.0,,,,,,,,,,1
724,,,,,,ACGCCACGTCGCAATT,,,1.0,,,,,,,,,,1
725,0.0,1.0,0.0,7.0,3.0,GGCATTACAGGCGAAA,,,1.0,,,,,,,,,,1
726,0.0,0.0,0.0,7.0,13.0,TCATAGGCATTGTGTC,,,1.0,,,,,,,,,,1
727,,,,,,GTCCCTCTCGCTTGAC,,,1.0,,,,,,,,,,1
728,0.0,0.0,0.0,1.0,8.0,AATAGCATCGCGTTCG,,,1.0,,,,,,,,,,1
729,0.0,1.0,0.0,5.0,6.0,GCGCCTATCTGGCCCA,,,1.0,,,,,,,,,,1
730,0.0,0.0,0.0,2.0,1.0,TAACCTTAGGTCAAGT,,,1.0,,,,,,,,,,1
731,0.0,0.0,0.0,10.0,6.0,GTAATGGGTCCATCCT,,,1.0,,,,,,,,,,1
732,0.0,0.0,0.0,7.0,3.0,ATGCGCAAGCTTACAT,,,1.0,,,,,,,,,,1
733,0.0,7.0,0.0,20.0,9.0,CCTAGAGAGCACGCAA,,,1.0,,,,,,,,,,1
734,0.0,1.0,0.0,3.0,10.0,TTCGAACGTACTTAGC,,,1.0,,,,,,,,,,1
735,0.0,1.0,0.0,2.0,6.0,TGTTTCGAGAAACCCG,,,1.0,,,,,,,,,,1
736,0.0,1.0,0.0,6.0,17.0,CACCCATAGGAACCTG,,,1.0,,,,,,,,,,1
737,0.0,0.0,1.0,11.0,9.0,TCCTAAGTCTGGCCCA,,,1.0,,,,,,,,,,1
738,0.0,1.0,0.0,4.0,1.0,TCCACCTGTCGAATCT,,,1.0,,,,,,,,,,1
739,0.0,0.0,0.0,12.0,10.0,ACGTGCAAGAAACCCG,,,1.0,,,,,,,,,,1
740,,,,,,GGGCAATGTCAACAAG,,,1.0,,,,,,,,,,1
741,,,,,,TGCTAACGTTCTGGCA,,,1.0,,,,,,,,,,1
742,0.0,0.0,0.0,5.0,13.0,GCAGGCTAGAAGCAAG,,,1.0,,,,,,,,,,1
743,,,,,,ACGGACCAGCGAATCG,,,1.0,,,,,,,,,,1
744,0.0,0.0,0.0,13.0,4.0,CGACAAAGTTAGCGCC,,,1.0,,,,,,,,,,1
745,,,,,,CCCATAGGTAAGGTTG,,,1.0,,,,,,,,,,1
746,0.0,0.0,0.0,2.0,2.0,GCAAATTCAAACCTGA,,,1.0,,,,,,,,,,1
747,,,,,,GCCTCGATCAAGCGAT,,,1.0,,,,,,,,,,1
748,0.0,0.0,0.0,3.0,4.0,GGCAATCCATGCGGAT,,,,12.0,,,,,,,,,1
749,0.0,0.0,0.0,6.0,2.0,CCCTGACCAGAATGAA,,,,14.0,,,,,,,,,1
750,0.0,0.0,0.0,2.0,2.0,CTATTAGGTGCTCATG,,,,11.0,,,,,,,,,1
751,0.0,1.0,0.0,8.0,6.0,AGCTGGCAGCTTGAGG,,,,6.0,,,,,,,,,1
752,0.0,1.0,0.0,6.0,5.0,AGTAAGCTCATTACCG,,,,15.0,,,,,,,,,1
753,0.0,0.0,0.0,5.0,1.0,CATAATGAGTCAAACA,,,,11.0,,,,,,,,,1
754,,,,,,TAACAGGGTTGAGTCT,,,,5.0,,,,,,,,,1
755,0.0,0.0,0.0,8.0,3.0,GCTGGTAAGCAGGTTG,,,,1.0,13.0,,,,1.0,,,,3
756,,,,,,GGCCTTTAGTTAGGGT,,,,5.0,,,,,,,,,1
757,0.0,0.0,0.0,1.0,1.0,ATTCGTTAGACTATTC,,,,2.0,,,,,,,,,1
758,0.0,0.0,0.0,3.0,4.0,GTGAGTTAGCTCAAGG,,,,13.0,,,,,,,,,1
759,0.0,1.0,0.0,4.0,6.0,CCCTGACCATTGCCGC,,,,1.0,20.0,,,,1.0,,,,3
760,,,,,,TCTTTGTGTGGGAACT,,,,9.0,,,,,,,,,1
761,0.0,2.0,0.0,3.0,4.0,ACTCGAACAGGCGAAA,,,,12.0,,,,,,,,,1
762,0.0,0.0,0.0,7.0,7.0,TCGAACCTCAACTGTT,,,,5.0,,,,,,,,,1
763,0.0,1.0,0.0,7.0,3.0,ACACGCGCATCAGGTA,,,,6.0,,,,,,,,,1
764,0.0,2.0,0.0,0.0,5.0,TTCCAAAGTTGTGAGA,,,,5.0,,,,,,,,,1
765,0.0,0.0,0.0,1.0,5.0,ACCGGTAAGCTTGATT,,,,8.0,,,,,,,,,1
766,,,,,,GGCCATCGTTAACCAC,,,,14.0,,,,,,,,,1
767,,,,,,CGCGACACACAGCCAG,,,,12.0,,,,,,,,,1
768,,,,,,GAATGACTCATGACCC,,,,4.0,,,,,,,,,1
769,0.0,0.0,0.0,6.0,8.0,TTACTTCGTAGCTTGT,,,,1.0,,,,,,,,,1
770,0.0,2.0,0.0,4.0,9.0,ATGCGCAAGGTTCCGT,,,,9.0,,,,,,,,,1
771,0.0,1.0,0.0,13.0,4.0,CATAAACCAGACTCAA,,,,2.0,,,,,,,,,1
772,,,,,,CTGAATCGTTTACGAC,,,,9.0,,,,,,,,,1
773,0.0,1.0,0.0,4.0,1.0,GTCATTAGTTGGATAG,,,,4.0,,,,,,,,,1
774,0.0,0.0,0.0,3.0,6.0,TTAGTCGTCACTAATC,,,,21.0,,,,,,,,,1
775,0.0,0.0,0.0,5.0,1.0,CTGTTTACAACCTTGT,,,,6.0,,,,,,,,,1
776,,,,,,GAACTTGCATGCGGAT,,,,3.0,,,,,,,,,1
777,0.0,0.0,2.0,2.0,5.0,CGATAGGTCACGTTAT,,,,11.0,,,,,,,,,1
778,0.0,0.0,0.0,7.0,3.0,GCTGGATCATACTGAG,,,,5.0,,,,,,,,,1
779,0.0,0.0,0.0,2.0,37.0,TGTCTTGAGACCTTTG,,,,4.0,,,,,,,,,1
780,,,,,,CTTGTGTCACTATCAC,,,,4.0,,,,,,,,,1
781,,,,,,CTATAGGCACATGAAT,,,,8.0,,,,,,,,,1
782,,,,,,TGCGATACATATAGGT,,,,4.0,,,,,,,,,1
783,0.0,0.0,0.0,4.0,7.0,GACCGTGCAAGTCGCG,,,,6.0,,,,,,,,,1
784,,,,,,AGACTCCTCCAGAAAC,,,,4.0,,,,,,,,,1
785,,,,,,CAGCTAGAGGCAGGCT,,,,11.0,,,,1.0,,,,,2
786,,,,,,TAAACCCGTATTGTCA,,,,10.0,,,,,,,,,1
787,,,,,,ATGCGCAAGAGCAAGA,,,,3.0,,,,,,,,,1
788,,,,,,AGCCTTCAGGGCACTA,,,,4.0,,,,,,,,,1
789,,,,,,AAGGAACCACCAGCCT,,,,6.0,,,,,,,,,1
790,0.0,0.0,0.0,4.0,8.0,TACCATCCAGAAACTT,,,,4.0,,,,,,,,,1
791,0.0,0.0,0.0,4.0,2.0,ACGAGGGAGCTTGATT,,,,4.0,,,,,,,,,1
792,0.0,2.0,0.0,6.0,0.0,AGGTTAATCTTAAGCT,,,,5.0,,,,,,,,,1
793,0.0,0.0,0.0,4.0,4.0,AGCGGCTAGGGTTGGC,,,,1.0,22.0,,,,,,,,2
794,0.0,1.0,0.0,1.0,4.0,GATTGCACAAACTTGG,,,,11.0,,,,,,,,,1
795,0.0,0.0,0.0,7.0,1.0,TTCGAGGAGTGAGTCG,,,,8.0,,,,,,,,,1
796,0.0,1.0,0.0,2.0,5.0,TGGTTACGTGCCCGAT,,,,9.0,,,,,,,,,1
797,,,,,,AAGGCCGGTACGAATG,,,,3.0,,,,,,,,,1
798,0.0,0.0,0.0,8.0,9.0,TCTAACAGTGAAGCAC,,,,3.0,,,,,,,,,1
799,,,,,,CTCGATTCATAGACCA,,,,5.0,,,,,,,,,1
800,0.0,0.0,0.0,3.0,5.0,GTTGTAAAGGTATTTC,,,,4.0,,,,,,,,,1
801,,,,,,CGAACCAAGCAATCCC,,,,3.0,,,,,,,,,1
802,0.0,0.0,0.0,10.0,3.0,GGCCAAATCTTCGCTT,,,,4.0,,,,,,,,,1
803,0.0,1.0,0.0,0.0,3.0,TAACGCCTCAATTGGA,,,,3.0,,,,,,,,,1
804,0.0,0.0,0.0,7.0,16.0,GGCACGTAGGTATTTC,,,,3.0,,,,,,,,,1
805,,,,,,GGTGTTACACCAGCTC,,,,4.0,,,,,,,,,1
806,0.0,2.0,0.0,3.0,3.0,CACTAACGTCCTTCGT,,,,7.0,,,,2.0,,,,,2
807,0.0,5.0,0.0,18.0,15.0,GTGCGGTAGGTAAGCT,,,,4.0,,,,,,,,,1
808,0.0,4.0,0.0,4.0,8.0,CAATAAGTCCTTTCTA,,,,4.0,,,,,,,,,1
809,0.0,0.0,0.0,3.0,4.0,CTCTAACCATCAAGTG,,,,3.0,,,,,,,,,1
810,,,,,,GGTGCTTTCTACTACG,,,,9.0,1.0,,,,,,,,2
811,,,,,,AGCGTTTGTAATTGCC,,,,5.0,,,,,,,,,1
812,0.0,1.0,0.0,5.0,1.0,ACAGTTGCAAAGCTCA,,,,4.0,,,,,,,,,1
813,0.0,1.0,0.0,5.0,5.0,GTACTTAGTTGGCGAG,,,,4.0,,,,,,,,,1
814,,,,,,CCCTGAGTCCTGTTCT,,,,6.0,,,,,,,,,1
815,,,,,,AGTGCGGGTTCTTGAA,,,,3.0,,,,,,,,,1
816,,,,,,TCCAGGAAGGTATGGT,,,,2.0,,,,,,,,,1
817,0.0,0.0,0.0,3.0,6.0,AACAAGCTCCAAATAG,,,,2.0,,,,,,,,,1
818,0.0,0.0,0.0,19.0,3.0,GATTCCCAGTGCAACG,,,,5.0,,,,,,,,,1
819,0.0,0.0,0.0,12.0,6.0,CTGGTCAGTAGGAGGA,,,,4.0,,,,,,,,,1
820,0.0,6.0,0.0,4.0,1.0,AGGTTGAGTCAACATC,,,,2.0,,,,,,,,,1
821,,,,,,GGGTTTCTCAGGTCGA,,,,2.0,,,,,,,,,1
822,0.0,0.0,0.0,5.0,3.0,CGTATATTCCAGATAA,,,,1.0,,,,,,,,,1
823,0.0,0.0,0.0,5.0,3.0,CCCTTACGTCGTTCGA,,,,3.0,,,,,,,,,1
824,0.0,0.0,0.0,2.0,5.0,GCATGCTTCCACTAAT,,,,1.0,,,,,,,,,1
825,,,,,,CCTATGGGTCTCAGCA,,,,5.0,,,,,,,,,1
826,,,,,,TAGTTGTTCATGATGA,,,,2.0,,,,,,,,,1
827,,,,,,TGTGCGCGTTGGTTTA,,,,1.0,,,,,,,,,1
828,0.0,0.0,0.0,7.0,5.0,TAATGTGAGGGTTTCC,,,,1.0,,,,,,,,,1
829,0.0,1.0,0.0,20.0,11.0,CTTGCTGCAATACTGG,,,,1.0,,,,,,,,,1
830,,,,,,TGAGTCTGTTCATTAG,,,,1.0,,,,,,,,,1
831,,,,,,ATACTGTTCAGCACGA,,,,1.0,,,,,,,,,1
832,0.0,0.0,0.0,2.0,5.0,GAGTGACGTGGAAGCT,,,,2.0,,,,,,,,,1
833,,,,,,TATAACGAGCGGGACT,,,,1.0,,,,,,,,,1
834,,,,,,GTTTGGTGTTCACCTC,,,,1.0,,,,,,,,,1
835,,,,,,CCCTTGCTCTGTCAAT,,,,1.0,,,,,,,,,1
836,,,,,,GAGATACTCGAGGCGT,,,,1.0,,,,,,,,,1
837,,,,,,GTTGTTCCACCAGCTC,,,,1.0,,,,,,,,,1
838,0.0,1.0,0.0,4.0,8.0,CAGCGAATCGACTCAC,,,,1.0,,,,,,,,,1
839,0.0,0.0,0.0,3.0,1.0,TAGTGCACAGATAACT,,,,1.0,,,,,,,,,1
840,,,,,,GTATTCGTCACAAATG,,,,1.0,,,,,,,,,1
841,,,,,,TCATGAGCAGCACCTC,,,,1.0,,,,,,,,,1
842,,,,,,CTCCATCGTTAACCAC,,,,1.0,,,,,,,,,1
843,0.0,0.0,0.0,5.0,2.0,CTAACTAGTAGCCAAA,,,,1.0,,,,,,,,,1
844,,,,,,GGCGAAACACTAGTCT,,,,1.0,,,,,,,,,1
845,0.0,0.0,0.0,6.0,44.0,GGATATTCACCTAAGA,,,,1.0,,,,,,,,,1
846,0.0,0.0,0.0,3.0,4.0,AGTGATTCAGATTCGA,,,,1.0,,,,,,,,,1
847,0.0,0.0,0.0,4.0,33.0,CTAAGTAAGGCTTTAT,,,,1.0,,,,,,,,,1
848,0.0,2.0,0.0,10.0,8.0,CCCACCTTCGTGATTT,,,,1.0,,,,,,,,,1
849,0.0,1.0,0.0,7.0,6.0,AGTTACTTCTCCATCT,,,,1.0,,,,,,,,,1
850,,,,,,GAGGATGCACGTAATG,,,,1.0,,,,,,,,,1
851,,,,,,CGAGCTTTCTATGGCC,,,,1.0,,,,,,,,,1
852,,,,,,TCCATTACACAGCAAC,,,,1.0,,,,,,,,,1
853,0.0,0.0,0.0,3.0,2.0,AAAGCATGTGTCCTTC,,,,,28.0,,,,,,,,1
854,0.0,2.0,0.0,4.0,5.0,ACTCGAACACTCCCAA,,,,,13.0,,,,,,,,1
855,0.0,0.0,0.0,4.0,2.0,CATTCGCAGAAACCCG,,,,,25.0,,,,,,,,1
856,0.0,1.0,0.0,13.0,8.0,TATCCTGAGTGTGATA,,,,,37.0,,,,,,,,1
857,,,,,,GTAACCTGTTGCTGTG,,,,,9.0,,,,,,,,1
858,0.0,1.0,0.0,7.0,22.0,CGATGTTGTGGATGGT,,,,,15.0,,,,,,,,1
859,0.0,0.0,0.0,5.0,46.0,CGCAGGTAGTTGCGGA,,,,,9.0,,,,1.0,,,,2
860,0.0,0.0,0.0,1.0,1.0,TCACCATCACGTAATG,,,,,16.0,,,,,,,,1
861,0.0,1.0,0.0,3.0,5.0,AACACTAAGTAAGCTA,,,,,2.0,,,,,,,,1
862,,,,,,TGGTTCATCGCCTAGT,,,,,7.0,,,,,,,,1
863,0.0,3.0,0.0,0.0,10.0,GAATCTAAGACTTAAG,,,,,34.0,,,,1.0,,,,2
864,0.0,0.0,0.0,3.0,185.0,GCCCTGATCTTGAAAG,,,,,13.0,,,,,,,,1
865,0.0,0.0,0.0,5.0,6.0,AATCTCTAGATAACTG,,,,,6.0,,,,,,,,1
866,0.0,0.0,0.0,2.0,3.0,GCTAGACCATTCTGTA,,,,,9.0,,,,,,,,1
867,0.0,0.0,0.0,4.0,1.0,CACTTGATCACAATGA,,,,,15.0,,,,,,,,1
868,0.0,8.0,0.0,4.0,5.0,CACAGCAAGGTTAGAC,,,,,20.0,,,,,,,,1
869,0.0,0.0,0.0,6.0,3.0,GATTGCTGTTGCGAAA,,,,,6.0,,,,1.0,,,,2
870,0.0,2.0,0.0,4.0,9.0,ACCATATTCCTGAGGA,,,,,12.0,,,,,,,,1
871,0.0,0.0,0.0,4.0,4.0,ATAATGGTCCCATTGA,,,,,15.0,,,,,,,,1
872,0.0,0.0,0.0,6.0,74.0,TTGGTTAGTCACAGAA,,,,,10.0,,,,,,,,1
873,,,,,,TGACGGATCCAAAGGT,,,,,8.0,,,,1.0,,,,2
874,0.0,0.0,0.0,4.0,7.0,TACCGAACAGCACTAA,,,,,18.0,,,,,,,,1
875,0.0,1.0,0.0,6.0,5.0,TTCAGGACAGAATGAA,,,,,8.0,,,,,,,,1
876,,,,,,TGTCCTTTCTCAGCAC,,,,,14.0,,,,2.0,,,,2
877,0.0,1.0,0.0,4.0,1.0,TAATGCGCACAGGCTG,,,,,9.0,,,,,,,,1
878,,,,,,TTATGGGCAGAGGCTT,,,,,4.0,,,,,,,,1
879,0.0,0.0,0.0,2.0,10.0,CTCAAGACATGCGGAT,,,,,5.0,,,,1.0,,,,2
880,0.0,0.0,0.0,5.0,9.0,ACCAATAAGTAACGTA,,,,,1.0,,,,,,,,1
881,0.0,0.0,0.0,8.0,8.0,AATGAAGCAACAGATT,,,,,12.0,,,,,,,,1
882,0.0,0.0,0.0,2.0,1.0,GAGTGACGTTCCTTCA,,,,,9.0,,,,,,,,1
883,,,,,,AACTCGCTCACCAGGA,,,,,5.0,,,,,,,,1
884,0.0,0.0,0.0,0.0,7.0,GAAGCACGTGATAAAC,,,,,8.0,,,,,,,,1
885,,,,,,TAAACTGAGACAAAGG,,,,,4.0,,,,,,,,1
886,,,,,,AACATTGAGACAGACT,,,,,6.0,,,,,,,,1
887,0.0,1.0,0.0,2.0,3.0,AGCCATTGTACTAACC,,,,,8.0,,,,,,,,1
888,0.0,0.0,0.0,2.0,21.0,GTGGCTAAGAAGCATC,,,,,8.0,,,,,,,,1
889,0.0,1.0,1.0,5.0,4.0,GTGCGGTAGCTTTACG,,,,,1.0,,,,1.0,,,,2
890,0.0,2.0,0.0,2.0,3.0,TAGTTACTCTTGAAGA,,,,,2.0,,,,,,,,1
891,0.0,0.0,0.0,6.0,120.0,ATGTTCCCATGGATTG,,,,,8.0,,,,,,,,1
892,0.0,0.0,0.0,6.0,3.0,CCTTATTGTGACCTGC,,,,,3.0,,,,,,,,1
893,0.0,2.0,0.0,3.0,3.0,CTGTTTACAATCTCTA,,,,,4.0,,,,,,,,1
894,0.0,0.0,0.0,0.0,45.0,GCAGTTTGTGCAATAG,,,,,4.0,,,,,,,,1
895,0.0,1.0,0.0,6.0,4.0,TATGACTTCATCCCAA,,,,,3.0,,,,,,,,1
896,0.0,0.0,0.0,5.0,0.0,TGGATTAAGATGGATC,,,,,6.0,,,,,,,,1
897,,,,,,TATGATGAGCGAATAC,,,,,4.0,,,,,,,,1
898,0.0,0.0,0.0,10.0,9.0,TGAAGGAAGATAATCG,,,,,2.0,,,,,,,,1
899,0.0,0.0,0.0,13.0,4.0,GTTAGTCGTACCTCAG,,,,,2.0,,,,,,,,1
900,0.0,1.0,0.0,3.0,7.0,TCATGAAAGGCAAGTT,,,,,7.0,,,,,,,,1
901,,,,,,ACTTAGTTCCTAAGTT,,,,,1.0,,,,,,,,1
902,0.0,0.0,0.0,8.0,23.0,TACCGCCCAGTTAAAC,,,,,4.0,,,,,,,,1
903,0.0,0.0,0.0,3.0,2.0,TACGTTCCACGGTCGA,,,,,8.0,,,,,,,,1
904,0.0,0.0,0.0,6.0,5.0,ACACCAACAAGGTGCT,,,,,5.0,,,,,,,,1
905,0.0,0.0,0.0,3.0,9.0,AAGTGAACAAATATGC,,,,,3.0,,,,,,,,1
906,0.0,0.0,0.0,2.0,1.0,ATTCGATTCGGTAAAC,,,,,4.0,,,,,,,,1
907,0.0,0.0,0.0,7.0,2.0,TGTACCTCATTGTGAG,,,,,1.0,,,,,,,,1
908,0.0,0.0,0.0,3.0,2.0,GCTCACTAGCGAGTTG,,,,,2.0,,1.0,,,,,,2
909,,,,,,ATGGATCAGGAACCAT,,,,,2.0,,,,,,,,1
910,0.0,0.0,0.0,7.0,2.0,GTAAAGCTCGTTAACT,,,,,1.0,,,,,,,,1
911,0.0,0.0,0.0,6.0,3.0,TTCTCACTCGACTCAC,,,,,1.0,,,,,,,,1
912,0.0,2.0,0.0,8.0,4.0,CCTCAATCATCATGTC,,,,,1.0,,,,,,,,1
913,,,,,,ATGTTGCGTGATTAGG,,,,,1.0,,,,,,,,1
914,0.0,0.0,0.0,3.0,4.0,AGGGTTAGTCATCAGT,,,,,1.0,,,,,,,,1
915,0.0,0.0,0.0,7.0,0.0,AGCTGGATCAGTTTAC,,,,,1.0,,,,,,,,1
916,0.0,0.0,0.0,3.0,0.0,ATTGCCGGTTTCAGGT,,,,,1.0,,,,,,,,1
917,0.0,0.0,0.0,7.0,2.0,GCGATTGAGATGCCTC,,,,,1.0,,,,,,,,1
918,0.0,0.0,0.0,0.0,4.0,AAGCCTGAGCTCGACT,,,,,1.0,,,,,,,,1
919,0.0,0.0,0.0,3.0,0.0,AGGAGGTAGATAGCCG,,,,,1.0,,,,,,,,1
920,,,,,,CTAGGTACAGGTGACT,,,,,1.0,,,,,,,,1
921,,,,,,GGGTTATAGGTTGTAA,,,,,1.0,,,,,,,,1
922,0.0,2.0,0.0,5.0,2.0,CCATTCGCAACAGCAC,,,,,1.0,,,,,,,,1
923,0.0,1.0,0.0,2.0,2.0,TCGTTGCAGTAGCTAA,,,,,1.0,,,,,,,,1
924,,,,,,GTCACTCAGGTCGAGC,,,,,1.0,,,,,,,,1
925,0.0,0.0,0.0,5.0,4.0,AGCTTTGTCCGTCAAC,,,,,1.0,,,,,,,,1
926,0.0,0.0,0.0,10.0,9.0,TATGACTTCAGTAAGC,,,,,1.0,,,,,,,,1
927,0.0,0.0,0.0,1.0,1.0,TAGTTGTTCCATCCAA,,,,,1.0,,,,,,,,1
928,0.0,2.0,0.0,12.0,12.0,TGTAAGTCACTAGTAG,,,,,1.0,,,,,,,,1
929,,,,,,TACCGCCCAGCACTAA,,,,,1.0,,,,,,,,1
930,0.0,0.0,0.0,0.0,0.0,GTAAAGGAGTGTCCAC,,,,,1.0,,,,,,,,1
931,,,,,,CCTCACACACTCCCAA,,,,,1.0,,,,,,,,1
932,0.0,0.0,0.0,5.0,5.0,AGACTAGGTTACTCCC,,,,,1.0,,,,,,,,1
933,,,,,,GGCACAATCTGGCCCA,,,,,1.0,,,,,,,,1
934,0.0,0.0,0.0,4.0,3.0,TCTACCTTCCTGCAAC,,,,,1.0,,,,,,,,1
935,0.0,1.0,0.0,7.0,6.0,GATCAATCAACAGATT,,,,,1.0,,,,,,,,1
936,,,,,,TCATGAAAGACAAGCT,,,,,1.0,,,,,,,,1
937,0.0,2.0,0.0,1.0,2.0,GGTACTGAGTTAACAG,,,,,1.0,,,,,,,,1
938,,,,,,ATGTCAAAGCGCCTTG,,,,,1.0,,,,,,,,1
939,0.0,0.0,0.0,6.0,5.0,CTTACCTTCATGCATT,,,,,1.0,,,,,,,,1
940,,,,,,TTTGCCCGTTTCCTCA,,,,,1.0,,,,,,,,1
941,,,,,,TGTCAGGAGCCCGTTG,,,,,,10.0,,,,,,,1
942,0.0,0.0,0.0,9.0,2.0,ACTTATGGTTAATTCG,,,,,,7.0,,,,,,,1
943,0.0,3.0,0.0,4.0,1.0,CCCTGTTGTTTCTAAG,,,,,,7.0,,,,,,,1
944,,,,,,GGTACCGCAGGATCCG,,,,,,16.0,,,,,,,1
945,0.0,1.0,0.0,8.0,10.0,ACAGGTAGTCTACCTC,,,,,,4.0,,,,,,,1
946,0.0,1.0,0.0,3.0,3.0,TCTAATCAGTTTGACT,,,,,,7.0,,,,,,,1
947,,,,,,TTGCGCAGTAGACTGA,,,,,,12.0,,,,,,,1
948,,,,,,TATATCCAGCTAGATA,,,,,,11.0,,,,,,,1
949,0.0,0.0,0.0,4.0,3.0,GCACACCGTAGTTGTC,,,,,,14.0,,,,,,,1
950,,,,,,CTTAACAGTAATCCTA,,,,,,5.0,,,,,,,1
951,,,,,,CTGAATGCACGGATAC,,,,,,6.0,,,,,,,1
952,0.0,0.0,0.0,3.0,8.0,TCAAGCGAGACCATGG,,,,,,6.0,,,,,,,1
953,,,,,,TCACTTTGTAAATAGC,,,,,,4.0,,,,,,,1
954,0.0,0.0,0.0,6.0,3.0,TAAAGGGAGAAGGTTC,,,,,,10.0,,,,,,,1
955,0.0,0.0,0.0,13.0,9.0,TTTGAGAAGTTACATC,,,,,,2.0,,,,,,,1
956,0.0,4.0,0.0,12.0,3.0,GGAGTCATCCTCAAGC,,,,,,6.0,,,,,,,1
957,0.0,1.0,0.0,7.0,10.0,CTTGCACAGCTGGACA,,,,,,4.0,,,,,,,1
958,0.0,6.0,0.0,14.0,0.0,GACCTTCAGGTCTTTG,,,,,,10.0,,,,,,,1
959,,,,,,CATGCTGGTCATTTAG,,,,,,2.0,,,,,,,1
960,0.0,0.0,0.0,2.0,4.0,AACCTAAAGGTGAGCC,,,,,,8.0,,,,,,,1
961,,,,,,ATTTAGCTCGGTTCCG,,,,,,7.0,,,,,,,1
962,0.0,0.0,0.0,6.0,2.0,GCATAAATCCTGGTTA,,,,,,2.0,,,,,,,1
963,,,,,,CCCGAACGTTTCCACC,,,,,,3.0,,,,,,,1
964,,,,,,GGTTTAAAGGTCTTGC,,,,,,1.0,,,,,,,1
965,0.0,0.0,0.0,7.0,4.0,CGTTACATCACTATAC,,,,,,1.0,,,,,,,1
966,1.0,4.0,0.0,8.0,7.0,GCTAACGAGATGAACC,,,,,,1.0,,,,,,,1
967,0.0,1.0,0.0,7.0,5.0,ACCCAACTCTAACCAT,,,,,,,11.0,,,,,,1
968,0.0,1.0,0.0,3.0,2.0,AGGATCAGTTCCAGCA,,,,,,,9.0,,,,,,1
969,0.0,12.0,1.0,14.0,4.0,CCAAAGCCAAACCGTA,,,,,,,11.0,,,,,,1
970,0.0,3.0,0.0,9.0,6.0,GCGCTTAGTTGTGACT,,,,,,,2.0,,,,,,1
971,0.0,5.0,0.0,3.0,4.0,CTGGTTATCCTGCAAC,,,,,,,6.0,,,,,,1
972,0.0,0.0,0.0,6.0,2.0,TCTCTATGTATAGTGG,,,,,,,7.0,,,,,,1
973,0.0,6.0,0.0,6.0,3.0,TGTGCTGGTACGTCCA,,,,,,,5.0,,,,,,1
974,,,,,,GAATCACAGGCTAGAT,,,,,,,5.0,,,,,,1
975,0.0,2.0,0.0,10.0,9.0,AGGTGAGCAATTGAGT,,,,,,,4.0,,,,,,1
976,0.0,0.0,0.0,6.0,4.0,TGGTTAAAGATTCGTT,,,,,,,1.0,,,,,,1
977,0.0,1.0,0.0,1.0,5.0,CTACGAACATAGTCAG,,,,,,,1.0,,,,,,1
978,0.0,5.0,0.0,2.0,2.0,ATCTTAGGTGATTAGG,,,,,,,4.0,,,,,,1
979,0.0,2.0,0.0,2.0,5.0,ACCGCCATCCTGAGGA,,,,,,,1.0,,,,,,1
980,0.0,1.0,0.0,5.0,4.0,TAAGGTTCACTATGTC,,,,,,,1.0,,,,,,1
981,0.0,0.0,0.0,7.0,5.0,CTGTTAAGTCAATTGC,,,,,,,1.0,,,,,,1
982,0.0,0.0,0.0,5.0,1.0,CTATTAGGTTCCGCAA,,,,,,,1.0,,,,,,1
983,0.0,1.0,0.0,5.0,5.0,ATTCGATTCACGTTCA,,,,,,,1.0,,,,,,1
984,0.0,1.0,0.0,6.0,6.0,GTCGATTGTAGTCATC,,,,,,,1.0,,,,,,1
985,0.0,2.0,0.0,4.0,1.0,TAGGCTTGTAATGAAC,,,,,,,1.0,,,,,,1
986,0.0,3.0,0.0,5.0,5.0,ATTCGTTAGCGGCTTT,,,,,,,1.0,,,,,,1
987,0.0,0.0,0.0,3.0,1.0,TCCACTAAGGAAGGTA,,,,,,,1.0,,,,,,1
988,,,,,,AGCATTAAGCGAAGAA,,,,,,,1.0,,,,,,1
989,,,,,,GACCTTCAGCGAAGAA,,,,,,,1.0,,,,,,1
990,0.0,0.0,0.0,3.0,6.0,AAAGTAGCATCCACCA,,,,,,,1.0,,,,,,1
991,0.0,0.0,0.0,10.0,2.0,TCTTTGTGTACTTCCC,,,,,,,1.0,,,,,,1
992,,,,,,TCTGGGCGTAAGAATC,,,,,,,1.0,,,,,,1
993,,,,,,CGGTGAGGTCCATAGT,,,,,,,1.0,,,,,,1
994,,,,,,TCCACTAAGCGAAGAA,,,,,,,1.0,,,,,,1
995,0.0,0.0,0.0,4.0,6.0,CTTTCATGTTTGCTCC,,,,,,,1.0,,,,,,1
996,,,,,,CCGCTAAGTGTCCAGC,,,,,,,1.0,,,,,,1
997,0.0,0.0,0.0,1.0,0.0,TGGCAATAGACCTTGC,,,,,,,1.0,,,,,,1
998,,,,,,GCGCTACGTGTCCAGC,,,,,,,1.0,,,,,,1
999,0.0,0.0,0.0,6.0,4.0,ACATACTTCGATATAG,,,,,,,,2.0,,,,,1
1000,0.0,0.0,0.0,10.0,10.0,GCCATAACAGGGCTAT,,,,,,,,8.0,,,,,1
1001,0.0,0.0,0.0,5.0,2.0,CCGTTGTAGGCAATCG,,,,,,,,5.0,,,,,1
1002,,,,,,ACAAAGGAGTCGCGAA,,,,,,,,13.0,,,,,1
1003,0.0,0.0,0.0,2.0,2.0,CTTCGAATCACGTTAT,,,,,,,,12.0,,,,,1
1004,0.0,2.0,0.0,7.0,8.0,GGCTGAGGTCAAAGGC,,,,,,,,6.0,,,,,1
1005,0.0,1.0,0.0,6.0,2.0,ACTAGGTAGTCCTGAC,,,,,,,,8.0,,,,,1
1006,0.0,1.0,0.0,1.0,4.0,GTTAGAATCATGCGTC,,,,,,,,7.0,,,,,1
1007,0.0,0.0,0.0,6.0,1.0,ACAATCAAGCCATCAC,,,,,,,,15.0,,,,,1
1008,0.0,1.0,0.0,6.0,4.0,CACTATGTCAAGATGC,,,,,,,,4.0,,,,,1
1009,,,,,,GAGGCAACATTCCTGG,,,,,,,,6.0,,,,,1
1010,0.0,0.0,0.0,2.0,5.0,AGCCTTTCACCTCGAC,,,,,,,,8.0,,,,,1
1011,,,,,,GTTTGGTGTTTGGGCC,,,,,,,,11.0,,,,,1
1012,0.0,0.0,0.0,0.0,11.0,TGCAAGCCATTGCCCA,,,,,,,,5.0,,,,,1
1013,,,,,,GTGTGAGTCGACTTGC,,,,,,,,6.0,,,,,1
1014,0.0,0.0,0.0,3.0,2.0,GACTTACGTTGTGAGA,,,,,,,,17.0,,,,,1
1015,0.0,2.0,0.0,12.0,7.0,CTAGGCTTCGATTACT,,,,,,,,17.0,,,,,1
1016,0.0,0.0,0.0,3.0,0.0,GTTTCACCAGTTATCC,,,,,,,,5.0,,,,,1
1017,,,,,,TGACATGCACGTAAAT,,,,,,,,8.0,,,,,1
1018,0.0,7.0,0.0,3.0,6.0,AGGTTAATCCATCCAA,,,,,,,,4.0,,,,,1
1019,,,,,,TCCCGTTGTGTGAGAC,,,,,,,,7.0,,,,,1
1020,0.0,2.0,1.0,3.0,13.0,TGAGCGGGTCATTACA,,,,,,,,10.0,,,,,1
1021,,,,,,CATGCTTCACAACATG,,,,,,,,7.0,,,,,1
1022,0.0,1.0,0.0,3.0,1.0,CATATTCAGGCGGATC,,,,,,,,7.0,,,,,1
1023,0.0,2.0,0.0,3.0,3.0,CTTGATGTCAGGCCAA,,,,,,,,3.0,,,,,1
1024,0.0,0.0,0.0,0.0,4.0,ACTAGTTTCGTTGCAC,,,,,,,,3.0,,,,,1
1025,,,,,,AAAGTGCTCCGCCCAA,,,,,,,,5.0,,,,,1
1026,,,,,,AACCAACAGGTCGAGC,,,,,,,,5.0,,,,,1
1027,0.0,0.0,0.0,3.0,0.0,ACATAGTCAGGCTTAA,,,,,,,,17.0,,,,,1
1028,,,,,,TCCCGTTGTTAAGCTC,,,,,,,,3.0,,,,,1
1029,0.0,1.0,0.0,2.0,8.0,CTCACACAGAGCCGGT,,,,,,,,5.0,,,,,1
1030,0.0,1.0,0.0,8.0,4.0,CGGCAATCAGCTAGCG,,,,,,,,3.0,,,,,1
1031,0.0,0.0,0.0,5.0,2.0,ATTGGGAGTCATTACA,,,,,,,,4.0,,,,,1
1032,0.0,0.0,0.0,3.0,1.0,TGGTTTAGTGTTAGAG,,,,,,,,6.0,,,,,1
1033,0.0,0.0,0.0,12.0,5.0,ACCCTTCGTTGCTGTG,,,,,,,,3.0,,,,,1
1034,,,,,,TTTGCCCGTACAAAGT,,,,,,,,8.0,,,,,1
1035,0.0,6.0,0.0,2.0,3.0,TCAAGGTAGAGCAATC,,,,,,,,6.0,,,,,1
1036,0.0,1.0,0.0,4.0,13.0,GATGGACGTTGGGTTT,,,,,,,,7.0,,,,,1
1037,,,,,,GAAGCACGTAAAGCAT,,,,,,,,4.0,,,,,1
1038,0.0,0.0,0.0,5.0,3.0,TGCGCAGCAGCCTTCA,,,,,,,,4.0,,,,,1
1039,0.0,0.0,0.0,4.0,14.0,TCTATGAGTCAACAAG,,,,,,,,6.0,,,,,1
1040,0.0,0.0,0.0,11.0,8.0,ACTTCCTTCTGGCTAC,,,,,,,,4.0,,,,,1
1041,,,,,,TCTAACCCACGTAATG,,,,,,,,1.0,,,,,1
1042,,,,,,GGTGTCGCATTACTCA,,,,,,,,1.0,,,,,1
1043,,,,,,ACAATCAAGCTATTAC,,,,,,,,1.0,,,,,1
1044,0.0,0.0,0.0,13.0,11.0,CCTATGATCGCAACGA,,,,,,,,2.0,,,,,1
1045,0.0,0.0,0.0,2.0,3.0,GGTGTTACATTGGACA,,,,,,,,1.0,,,,,1
1046,,,,,,TCACTTTGTATGGTAG,,,,,,,,1.0,,,,,1
1047,,,,,,CCAGCACGTAAAGCAT,,,,,,,,1.0,,,,,1
1048,0.0,0.0,0.0,3.0,5.0,CCAAACTGTTGCGCTA,,,,,,,,1.0,,,,,1
1049,,,,,,CCACTAATCATGGATA,,,,,,,,1.0,,,,,1
1050,,,,,,CTATAGGCAGGATTGC,,,,,,,,1.0,,,,,1
1051,,,,,,CACAAGCCAAGTAAGA,,,,,,,,1.0,,,,,1
1052,0.0,0.0,0.0,1.0,3.0,ATCGAACAGTTAGTTC,,,,,,,,1.0,,,,,1
1053,,,,,,AACTGAGGTCAAAGGC,,,,,,,,1.0,,,,,1
1054,0.0,0.0,0.0,4.0,8.0,CTTTCTATCGCTTGAC,,,,,,,,1.0,,,,,1
1055,,,,,,ACGCATGAGTTGCGGA,,,,,,,,,6.0,,,,1
1056,0.0,7.0,0.0,5.0,15.0,AACCATTTCTTTGGAT,,,,,,,,,7.0,,,,1
1057,0.0,1.0,0.0,9.0,6.0,TTAGGTTTCTTGAAAG,,,,,,,,,8.0,,,,1
1058,0.0,1.0,0.0,4.0,3.0,TGTTAGTTCTTAATGC,,,,,,,,,8.0,,,,1
1059,0.0,0.0,0.0,3.0,3.0,TACTTTCGTAGCTTTA,,,,,,,,,1.0,,,,1
1060,,,,,,AACCTCATCAAGTTTC,,,,,,,,,5.0,,,,1
1061,0.0,0.0,0.0,4.0,2.0,CATAGGTAGTGTGATA,,,,,,,,,3.0,,,,1
1062,0.0,0.0,0.0,3.0,2.0,ACCAGGTCATACCTTA,,,,,,,,,2.0,,,,1
1063,,,,,,ACCCTCCTCAAGTTTC,,,,,,,,,1.0,,,,1
1064,,,,,,ACGCACGCATGGTCAA,,,,,,,,,,12.0,1.0,,2
