"celllinename","tissue","samid","symbol","gene_id","transcript","ncbi_build","chromosome","start_position","end_position","strand","variant_effects","variant_most_severe_effect","variant_classification","lof_consequence","variant_type","condel_call","condel_score","reference_allele","alternate_allele","genome_change","hgvsp","hgvsp_short","cdna_position","cds_position","protein_position","codons","t_ref_count","t_alt_count","exac","cosmic","dbsnp_rs","sift_call","sift_score","polyphen_call","polyphen_score","project","clid","is_canonical_transcript","variantfrequency","key","newaa","is_hotspot","condel_deleterious","lof_variant","species"
"K-562","Bone Marrow","SAM636276","FANCB","ENSG00000181544","ENST00000398334","GRCh38","X",14857956,14857960,"-","splice_region_variant&intron_variant","splice_region_variant","Splice_Region",FALSE,"DEL",NA,NA,"TAATA","T","X_14857956_TAATA/T",NA,NA,NA,NA,NA,NA,105,2,NA,NA,"rs779894422",NA,NA,NA,NA,"NGS168","CL586233",TRUE,0.0186916,"ENST00000398334_NA_NA",NA,FALSE,FALSE,FALSE,"human"
"K-562","Bone Marrow","SAM636276","FANCB","ENSG00000181544","ENST00000398334","GRCh38","X",14865220,14865222,"-","frameshift_variant","frameshift_variant","Frame_Shift_Del",TRUE,"DEL",NA,NA,"TTC","T","X_14865220_TTC/T","97E/X","97E/X",NA,NA,97,"GAa/a",64,1,NA,NA,NA,NA,NA,NA,NA,"NGS168","CL586233",TRUE,0.0153846,"ENST00000398334_97_97","97E/X",FALSE,FALSE,TRUE,"human"
"K-562","Bone Marrow","SAM636276","ERBB3","ENSG00000065361","ENST00000267101","GRCh38","12",56094528,56094528,"+","missense_variant","missense_variant","Missense_Mutation",FALSE,"SNV","neutral",0.249,"C","T","12_56094528_C/T","611R/W","611R/W",2271,1831,611,"Cgg/Tgg",39,58,NA,NA,"rs373609369","tolerated",0.14,NA,NA,"NGS168","CL586233",TRUE,0.597938,"ENST00000267101_611_611","611R/W",FALSE,FALSE,FALSE,"human"
"K-562","Bone Marrow","SAM636276","CBL","ENSG00000110395","ENST00000264033","GRCh38","11",119298480,119298480,"+","missense_variant","missense_variant","Missense_Mutation",TRUE,"SNV","deleterious",0.693,"G","C","11_119298480_G/C","792D/H","792D/H",2516,2374,792,"Gat/Cat",43,12,NA,NA,NA,"deleterious_low_confidence",0.02,NA,NA,"NGS168","CL586233",TRUE,0.218182,"ENST00000264033_792_792","792D/H",FALSE,TRUE,TRUE,"human"
"K-562","Bone Marrow","SAM636276","TP53","ENSG00000141510","ENST00000269305","GRCh38","17",7675205,7675205,"-","frameshift_variant","frameshift_variant","Frame_Shift_Ins",TRUE,"INS",NA,NA,"T","TG","17_7675205_T/TG","136Q/PX","136Q/PX",NA,NA,136,"caa/cCaa",4,24,NA,NA,NA,NA,NA,NA,NA,"NGS168","CL586233",TRUE,0.857143,"ENST00000269305_136_136","136Q/PX",FALSE,FALSE,TRUE,"human"
"NCI-H358","Lung","SAM635711","PTPRC","ENSG00000081237","ENST00000442510","GRCh38","1",198735155,198735155,"+","missense_variant","missense_variant","Missense_Mutation",FALSE,"SNV","neutral",0.453,"T","A","1_198735155_T/A","769M/K","769M/K",2447,2306,769,"aTg/aAg",16,25,NA,NA,NA,"deleterious",0,NA,NA,"NGS168","CL129179",TRUE,0.609756,"ENST00000442510_769_769","769M/K",FALSE,FALSE,FALSE,"human"
"NCI-H358","Lung","SAM635711","CBL","ENSG00000110395","ENST00000264033","GRCh38","11",119297004,119297005,"+","frameshift_variant","frameshift_variant","Frame_Shift_Del",TRUE,"DEL",NA,NA,"TA","T","11_119297004_TA/T","708L/X","708L/X",2266,2124,708,"ctA/ct",124,2,NA,NA,NA,NA,NA,NA,NA,"NGS168","CL129179",TRUE,0.015873,"ENST00000264033_708_708","708L/X",FALSE,FALSE,TRUE,"human"
"NCI-H358","Lung","SAM635711","JAK2","ENSG00000096968","ENST00000381652","GRCh38","9",5126742,5126742,"+","missense_variant","missense_variant","Missense_Mutation",TRUE,"SNV","deleterious",0.619,"G","T","9_5126742_G/T","1117R/M","1117R/M",3844,3350,1117,"aGg/aTg",61,43,NA,NA,NA,"tolerated",0.06,NA,NA,"NGS168","CL129179",TRUE,0.413462,"ENST00000381652_1117_1117","1117R/M",FALSE,TRUE,TRUE,"human"
"NCI-H358","Lung","SAM635711","KRAS","ENSG00000133703","ENST00000256078","GRCh38","12",25245351,25245351,"-","missense_variant","missense_variant","Missense_Mutation",TRUE,"SNV","deleterious",0.793,"C","A","12_25245351_C/A","12G/C","12G/C",98,34,12,"Ggt/Tgt",36,60,NA,"COSM1140136,COSM1152506,COSM1157797,COSM516,COSM51","rs121913530","deleterious",0.04,NA,NA,"NGS168","CL129179",TRUE,0.625,"ENST00000256078_12_12","12G/C",FALSE,TRUE,TRUE,"human"
"NCI-H358","Lung","SAM635711","CTNNB1","ENSG00000168036","ENST00000349496","GRCh38","3",41224735,41224735,"+","missense_variant","missense_variant","Missense_Mutation",TRUE,"SNV","neutral",0.25,"A","G","3_41224735_A/G","75T/A","75T/A",503,223,75,"Act/Gct",52,29,NA,"COSM5740",NA,"tolerated",0.15,NA,NA,"NGS168","CL129179",TRUE,0.358025,"ENST00000349496_75_75","75T/A",FALSE,FALSE,TRUE,"human"
"NCI-H358","Lung","SAM635711","CTNNB1","ENSG00000168036","ENST00000349496","GRCh38","3",41225499,41225500,"+","frameshift_variant","frameshift_variant","Frame_Shift_Del",TRUE,"DEL",NA,NA,"CT","C","3_41225499_CT/C","221L/X","221L/X",942,662,221,"cTt/ct",62,1,NA,NA,NA,NA,NA,NA,NA,"NGS168","CL129179",TRUE,0.015873,"ENST00000349496_221_221","221L/X",FALSE,FALSE,TRUE,"human"
"NCI-H358","Lung","SAM635711","BCL6","ENSG00000113916","ENST00000406870","GRCh38","3",187733561,187733561,"-","missense_variant","missense_variant","Missense_Mutation",TRUE,"SNV","deleterious",0.895,"C","A","3_187733561_C/A","45A/S","45A/S",500,133,45,"Gcc/Tcc",139,48,NA,"COSM1194147",NA,"deleterious",0,NA,NA,"NGS168","CL129179",TRUE,0.256684,"ENST00000406870_45_45","45A/S",FALSE,TRUE,TRUE,"human"
"NCI-H358","Lung","SAM635711","TP63","ENSG00000073282","ENST00000264731","GRCh38","3",189868677,189868677,"+","missense_variant","missense_variant","Missense_Mutation",TRUE,"SNV","neutral",0.368,"G","A","3_189868677_G/A","364V/I","364V/I",1179,1090,364,"Gtt/Att",148,52,NA,"COSM1194194",NA,"tolerated",0.12,NA,NA,"NGS168","CL129179",TRUE,0.26,"ENST00000264731_364_364","364V/I",FALSE,FALSE,TRUE,"human"
