,gene_id,probe_seq,probe_id,included,region,gene_symbol
1386,ENSG00000028839,TGCTCCAGTGCAAATAATTTTTCCTGAGGACCAAATTGTAGCTGTAATTC,ENSG00000028839|TBPL1|0ee09d1,True,unspliced,TBPL1
1387,ENSG00000028839,TCTGGCAAACGGATTTCAAATGGCATGTTACACACTGCCAGAACGTTAAC,ENSG00000028839|TBPL1|194325e,True,unspliced,TBPL1
1388,ENSG00000028839,AACCTAGTTTCTGCAGACTACGGGCTAAGCGTCTGGCACCAAATTTAGCT,ENSG00000028839|TBPL1|8e59dcc,True,unspliced,TBPL1
1929,ENSG00000049323,AGGTGAACAGACAGAGGGTGCATACACTGTCTTCCAGAACTGACAAGTCG,ENSG00000049323|LTBP1|309d41c,True,unspliced,LTBP1
1930,ENSG00000049323,CACTGGTAGGTTAATGCAGTGTCCTGCTCCACAGATATCAGGGTTCACAG,ENSG00000049323|LTBP1|999ea15,True,unspliced,LTBP1
1931,ENSG00000049323,ACTTGAGTAGGAGCAATCACTTGGCTGGCACTAGACGTAGAAGCTTCAGG,ENSG00000049323|LTBP1|b0e3471,True,unspliced,LTBP1
3432,ENSG00000072274,AGAGGGCATTTGCAGCTCCCTGAATAGTCCAAGTAGCTAGAGCCAACTGG,ENSG00000072274|TFRC|12e96b5,True,unspliced,TFRC
3433,ENSG00000072274,TCAGTGGCACCAACCGATCCAAAGTCTCCAGCACTCCAACTGGCAAAGAT,ENSG00000072274|TFRC|1b321de,True,unspliced,TFRC
3434,ENSG00000072274,CGAGCAGAATACAGCCACTGTAAACTCAGGCCCATTTCCTTTATGTCTGC,ENSG00000072274|TFRC|5fe5556,True,spliced,TFRC
5402,ENSG00000090006,CAGCTCCACATACACCCTGTAGTGTTTCACACTCGTTCACATCCACGCAG,ENSG00000090006|LTBP4|3a494a8,True,unspliced,LTBP4
5403,ENSG00000090006,ACATCTTCGCAGGACCCATTAACTCTTTCAAAGCCGGTTGGACAAGGTCC,ENSG00000090006|LTBP4|9f904fb,True,unspliced,LTBP4
5404,ENSG00000090006,TCACAACGCTGGGCTCCACAAATCTCGGGACCATATTCTTGGCACTCATC,ENSG00000090006|LTBP4|e04f2c2,True,unspliced,LTBP4
7705,ENSG00000102445,CTGACGTAGTACTTCTTGAAGTCCCACATCATCAGGATTCGGGCAGGGAT,ENSG00000102445|RUBCNL|32b2672,True,unspliced,RUBCNL
7706,ENSG00000102445,GAAGTCTGGCTCATAAGTGACACTCTTAGAGGAGCTGCAGGAACAGCTAC,ENSG00000102445|RUBCNL|7c1be82,True,spliced,RUBCNL
7707,ENSG00000102445,GACTGGAAGCACTGTTTGTGAAAGCAAGCCCTGCACGCTGAACATCTTCT,ENSG00000102445|RUBCNL|cb7395e,True,spliced,RUBCNL
8194,ENSG00000103642,TCCTGAAGCTCTCTCTACTATGGCTGCCAGTAGGGTATAGCCAAAAGTTG,ENSG00000103642|LACTB|49df634,True,unspliced,LACTB
8195,ENSG00000103642,TCACTGGCTCGTTTTCTTCCTGCACAGTCGTCAGCATATCCAAGTCATGG,ENSG00000103642|LACTB|b636819,True,unspliced,LACTB
8196,ENSG00000103642,CCCACAATTTGGCAAGAGCAACCATGGTGAGACTTTTGCTGATGCTAGCA,ENSG00000103642|LACTB|e09a253,True,unspliced,LACTB
9121,ENSG00000105679,AATGAATGGATCATTCACAGCCACCACCTTAACACCCTTCTCCATGCAGG,ENSG00000105679|GAPDHS|6aceae9,True,unspliced,GAPDHS
9122,ENSG00000105679,AGATGACCACACGTTGAGCACCTGCAGAGATGTGGTCCGAAGCTGCCTGT,ENSG00000105679|GAPDHS|99f7818,True,spliced,GAPDHS
9123,ENSG00000105679,ATCTCATGGTTGTCCACGACCAGTTGTCCATTCCTGAATTCCACACTTCC,ENSG00000105679|GAPDHS|f04649d,True,unspliced,GAPDHS
11751,ENSG00000112592,GTGAGCACAAGGCCTTCTAACCTTATAGGAAACTTCACATCACAGCTCCC,ENSG00000112592|TBP|a36674c,True,unspliced,TBP
11752,ENSG00000112592,CCTGTGCACACCATTTTCCCAGAACTGAAAATCAGTGCCGTGGTTCGTGG,ENSG00000112592|TBP|a55f746,True,unspliced,TBP
11753,ENSG00000112592,CAGTCCAGTGCCATAAGGCATCATTGGACTAAAGATAGGGATTCCGGGAG,ENSG00000112592|TBP|b8ab836,True,unspliced,TBP
13576,ENSG00000117569,TCACACGCTGCACATCTCCATAAACACCGAAGAGGGTAAACAGACTTTGG,ENSG00000117569|PTBP2|6c6136b,True,spliced,PTBP2
13577,ENSG00000117569,AGGAGTATTTGCTGTCTGGACAGCTGTCACAGCTTGAAGAACTGCCTGAG,ENSG00000117569|PTBP2|bb43876,True,unspliced,PTBP2
13578,ENSG00000117569,CTCTTCTGCTACTGATGGAGGGATATTAGATAGGTGAAGGGTGGCAGAAG,ENSG00000117569|PTBP2|e898abe,True,spliced,PTBP2
14015,ENSG00000119314,ACCACTTAGATGGTTCATTGCTAGCTGAGCTTGATTTGCATCCGCCATCT,ENSG00000119314|PTBP3|b134d02,True,spliced,PTBP3
14016,ENSG00000119314,CAGCCCCTGCATATGGTGAAGAAATTATACCCGGTGCACCAAAAGCAGCA,ENSG00000119314|PTBP3|e86b150,True,spliced,PTBP3
14017,ENSG00000119314,AATTTCCTGGTATACCACTAGCCCCAGGAATGGCCATCCTTCCAGTGACA,ENSG00000119314|PTBP3|e8cf274,True,unspliced,PTBP3
14168,ENSG00000119681,ACCAGGCCCGAATATCACACACTCATCCGCATCTGTGTACATGGTCTGTC,ENSG00000119681|LTBP2|8bba264,True,spliced,LTBP2
14169,ENSG00000119681,ATCTTGGCAGTGTCCTTTCCTGACCATGATGTAGCCCTGATCACACTCGC,ENSG00000119681|LTBP2|ca1a752,True,unspliced,LTBP2
14170,ENSG00000119681,CACAAGAGCATCTGAAGGAGCCTTCTAGGTTGGTGCACTTTCCATGGGCA,ENSG00000119681|LTBP2|e7b62e1,True,unspliced,LTBP2
24674,ENSG00000145016,GCCAGAGAGTGGAAAGGAAGTAGATCTTCTCTCTGAGCCATTGTTGGGCA,ENSG00000145016|RUBCN|4514520,True,spliced,RUBCN
24675,ENSG00000145016,CTGGAGGAGAACAAATTGGAACTGCTGCTCTCGGCATTGCTGCTGTGACT,ENSG00000145016|RUBCN|dc0ef1e,True,unspliced,RUBCN
24676,ENSG00000145016,ATGCTGGTATCCGAATGGGAGCGAATGTGGCTTTTCTTTGCCCCACTGGT,ENSG00000145016|RUBCN|f1c2f4a,True,unspliced,RUBCN
25660,ENSG00000147592,GGGTATATAGAACTCTTAGAGTGGCTCCCTCAGTCTTAATCACATCTCCA,ENSG00000147592|LACTB2|3598060,True,spliced,LACTB2
25661,ENSG00000147592,AGAGGTCTTCAAATACCGTTGTTCCTTCCCCTAGGATGCAATCTCCAGAA,ENSG00000147592|LACTB2|c08d49b,True,unspliced,LACTB2
25662,ENSG00000147592,AGAGCCTGCTTTAAACAGCTGATGTATTCTGGAATTGCTGGTTCTCCAGT,ENSG00000147592|LACTB2|f075433,True,unspliced,LACTB2
27150,ENSG00000152217,TTTCCAGCACGGGACACCTTCTGGTCCCCAGACTGCTTGATGGTGATCTT,ENSG00000152217|SETBP1|9051b90,True,unspliced,SETBP1
27151,ENSG00000152217,AGCCCGCTTTGTGGTCTGAATCTTTAGCTTCAGACTTCCCTCTGTGAAGT,ENSG00000152217|SETBP1|9ff5e5a,True,unspliced,SETBP1
27152,ENSG00000152217,CATCTCCTGCCACCCATTTCTCACTGTCCGCGTTGGAGTTGGAATCCACA,ENSG00000152217|SETBP1|a27b7fb,True,unspliced,SETBP1
27747,ENSG00000154079,ATCCTCTGGTGCATCAAAACGACCTTCTGGTAACTTCGGCTTCTTAAGGG,ENSG00000154079|SDHAF4|5611d48,True,unspliced,SDHAF4
27748,ENSG00000154079,TTGACAAGTTCAGACTTTCCTCCTTGAGAAGAACTTGTTTTCCTCAGAGA,ENSG00000154079|SDHAF4|dbf0665,True,unspliced,SDHAF4
27749,ENSG00000154079,TCAATACAGCGTCCTTTTCGTTCCCAATCTCCATATCGGGTAGGTTCTGG,ENSG00000154079|SDHAF4|f1bcc60,True,unspliced,SDHAF4
30936,ENSG00000162851,TGACGAGGAATCATTTGAATAAGATACAGCTTTTGTTGTAATTGGTCTAA,ENSG00000162851|TFB2M|01ff3b2,True,unspliced,TFB2M
30937,ENSG00000162851,CTAAGCTGGCCTTAGACGCCTTCCTTGGCGGATTCCTGAAATCCGGTTCG,ENSG00000162851|TFB2M|7bfdb79,True,unspliced,TFB2M
30938,ENSG00000162851,ACTCCAGCAGTAGGTGTGGAGGTCTACTTGGTTTTCCCAAATAGATTTGC,ENSG00000162851|TFB2M|b42ceac,True,unspliced,TFB2M
33261,ENSG00000165704,TTTCCAAATCCTCAGCATAATGATTAGGTATGCAAAATAAATCAAGGTCA,ENSG00000165704|HPRT1|a3afafc,True,unspliced,HPRT1
33262,ENSG00000165704,ATGTGATGGCCTCCCATCTCCTTCATCACATCTCGAGCAAGACGTTCAGT,ENSG00000165704|HPRT1|b36bf7d,True,unspliced,HPRT1
33263,ENSG00000165704,CCAGCAAGCTTGCGACCTTGACCATCTTTGGATTATACTGCCTGACCAAG,ENSG00000165704|HPRT1|de4c568,True,unspliced,HPRT1
34005,ENSG00000166800,GAGATCTTATTGTGATGAATGGCCTCCTCTTCCGCGAAATTCTTAATAAG,ENSG00000166800|LDHAL6A|097cf4e,True,unspliced,LDHAL6A
34006,ENSG00000166800,TTAGTAACAATAAGCAGTTTGCAGTGAGGACTGTACTGGGTAATATTGGG,ENSG00000166800|LDHAL6A|66ae91d,True,unspliced,LDHAL6A
34007,ENSG00000166800,CACTAGATTGGAGTTTGCAGTGACCAGGTAATCTTTGCTGGAGACAATAT,ENSG00000166800|LDHAL6A|7dcf971,True,spliced,LDHAL6A
34932,ENSG00000168056,GTGTTCTCACACACTCCGTTCCGGCAGTTGGACTCGTCCAGGCACTCGTC,ENSG00000168056|LTBP3|55d9424,True,unspliced,LTBP3
34933,ENSG00000168056,ACGCAGCGACACTCGTCTGAATCCTCCTCTGAACTGTCCTCATCTCTTGG,ENSG00000168056|LTBP3|85b720c,True,unspliced,LTBP3
34934,ENSG00000168056,CATTCCAGCAGGTTCCCGTCGTAGTAGAAGCCCTGCTTGCAGTAGCACTC,ENSG00000168056|LTBP3|a5b31ab,True,unspliced,LTBP3
36111,ENSG00000169919,TTTGGTTGTCTCTGCCGAGTGAAGATCCCCTTTTTATTCCCCAGCACTCT,ENSG00000169919|GUSB|8a532c9,True,unspliced,GUSB
36112,ENSG00000169919,TACCTGGTTTCATTGGCAATCTTCCAGTATCTCTCTCGCAAAAGGAACGC,ENSG00000169919|GUSB|b8f5fe1,True,unspliced,GUSB
36113,ENSG00000169919,CTACGCACCACTTCTTCCATCACCTGCATGTGGTGATGCAGAGAAACGTT,ENSG00000169919|GUSB|bfee287,True,unspliced,GUSB
37473,ENSG00000171989,ATGAACGGGCTTCTCGGAAGTGAAACGCTCAATAAGCTCACTCTTCACAG,ENSG00000171989|LDHAL6B|4d1461b,True,unspliced,LDHAL6B
37474,ENSG00000171989,AAGGTTGGTAATACCGTTCTCTCCCAGGATACAAGGAATACTGAGGAATA,ENSG00000171989|LDHAL6B|87f4580,True,unspliced,LDHAL6B
37475,ENSG00000171989,TGCCGTTGAGCGGGATGCGCGTTGCTTGACGCGGACACAGGGCCATCCCC,ENSG00000171989|LDHAL6B|d673d55,True,unspliced,LDHAL6B
37570,ENSG00000172167,ATTGAGTCCCGAGGACCCTCTTTGTGGCCCAGCAACTGTTCAGATGAATG,ENSG00000172167|MTBP|3b9115d,True,unspliced,MTBP
37571,ENSG00000172167,TGGAACCAATGGACAAGTCACTGGTAAGGACCGTTCTGTTTGTGGCTTTC,ENSG00000172167|MTBP|6ad1f61,True,unspliced,MTBP
37572,ENSG00000172167,AAGAGGGCTCAACACAGTAGGTACTGGAAAACTTTCTCTGGTGCAGGTAG,ENSG00000172167|MTBP|ebd2443,True,unspliced,MTBP
39067,ENSG00000175029,CCCAAGTGTATCTGAGTGATTACCTTCTGGCATTCTCTGCTATTGCTCGT,ENSG00000175029|CTBP2|6acd899,True,unspliced,CTBP2
39068,ENSG00000175029,CAACACTGCAACATCAATGATGCATATGTCCAGAATCAGTTACAAAGACC,ENSG00000175029|CTBP2|846f86c,True,unspliced,CTBP2
39069,ENSG00000175029,GGTCGTTAATAAATCACATCCTAGTCTTTCAGCGCTTCCGTAAGCAGACG,ENSG00000175029|CTBP2|dbd3fca,True,unspliced,CTBP2
42366,ENSG00000182521,TGCAGACCATCTTCCCAGAGCTAAATATAAGGGCTGTTGTCCTGGGCTCT,ENSG00000182521|TBPL2|3c50b2e,True,unspliced,TBPL2
42367,ENSG00000182521,GTGCAGCTGTGAATGGGAATTTGACAAACTGCTGCTGTTTAAGCCCAGCC,ENSG00000182521|TBPL2|59c4be2,True,unspliced,TBPL2
42368,ENSG00000182521,CAGTTCAGGCTCGTAACTACTGAACTGCTGATGGGTTAGCACCAAACCTT,ENSG00000182521|TBPL2|a2a899c,True,spliced,TBPL2
46775,ENSG00000196636,ACACGGTGCAGCTGCAAGACGCGCTTGTACAATGCCCGGACTCGAGAAAC,ENSG00000196636|SDHAF3|33cfabe,True,unspliced,SDHAF3
46776,ENSG00000196636,GGGTTTTGTGGCTTCTTGCATCAGCTCCTGCAACTGTCCAATTTGTTCAT,ENSG00000196636|SDHAF3|8dbd178,True,unspliced,SDHAF3
46777,ENSG00000196636,GAATTTTGTCTGTTTTCGTTAGCCTGTTGCAATAACGCTGTTGCATACAC,ENSG00000196636|SDHAF3|e4f8449,True,unspliced,SDHAF3
49487,ENSG00000205138,GAGGAGCACCGACCTGTCTCCAAGCATCGGAAAAGGCGGGCCTCCCTTGC,ENSG00000205138|SDHAF1|49033c4,True,unspliced,SDHAF1
49488,ENSG00000205138,GTGCTGTCGTGGGGGTTCCTTGGACTGTCGCCGTCGTCAGGCTGGCAACC,ENSG00000205138|SDHAF1|7c34c0d,True,unspliced,SDHAF1
49489,ENSG00000205138,TTCGTCAAGCTAGTCTCTTAAGACCTCTCACCTTAGGCGGGTTCCCCAGT,ENSG00000205138|SDHAF1|d4f75c0,True,unspliced,SDHAF1
50693,ENSG00000215906,CTGTAATGGCATCTGGTTCCCGGGTCCACTACCAGCACATCGTCCTTGAG,ENSG00000215906|LACTBL1|4d5bbea,True,spliced,LACTBL1
50694,ENSG00000215906,AGGACAGGAAAGATCTTGGAGATGCTGGAGATCCTGTACATGGTGTACTC,ENSG00000215906|LACTBL1|c71c472,True,spliced,LACTBL1
50695,ENSG00000215906,AGCCATTCTTCTTCCCAAAGTTCCCTGTCCAGAGCACAGTATCATTGTGG,ENSG00000215906|LACTBL1|f2f3b40,True,unspliced,LACTBL1
51517,ENSG00000236334,TACATAAGTATGCACAGGACAATACAAGAGAAACAATGTGTTTGGATGTC,ENSG00000236334|PPIAL4G|5536487,True,unspliced,PPIAL4G
51518,ENSG00000236334,TAAACATGAAAGACCCAAGCTTCCTTCTAACAGAGTGCAACTATTTCTCT,ENSG00000236334|PPIAL4G|5d11cd1,True,unspliced,PPIAL4G
51519,ENSG00000236334,TCTAAGAATTCTGGGTTATGTCCATTCCTCTACGAAGTTCTTCACTATAC,ENSG00000236334|PPIAL4G|662cded,True,unspliced,PPIAL4G
52602,ENSG00000256269,TTCTTCTCCAGGGCATGTTCAAGCTCCTTGGTAAACAGGCTTTTCTCTCC,ENSG00000256269|HMBS|38ccd4e,True,unspliced,HMBS
52603,ENSG00000256269,GTACGAGGCTTTCAATGTTGCCACCACACTGTCCGTCTGTATGCGAGCAA,ENSG00000256269|HMBS|814406d,True,unspliced,HMBS
52604,ENSG00000256269,CAGACTCCTCCAGTCAGGTACAGTTGCCCATCCTTCATAGCTGTATGCAC,ENSG00000256269|HMBS|fe3ce0d,True,spliced,HMBS
